Unnamed: 0,Mutations,Score,kcat/Km(s-1 mM-1),(U/min*mg),Temp (Â°C),"Substrate (AAPF, Casein)",Ref,Source,Paper,seq,log_fitness,_derived_mutations,mc_llh
0,wild-type,1.0,,,25,ABz-AAPFglcK-NH2,Subtilisin BPNâ² ,Selection for improved subtiligases by phage display,https://www.pnas.org/doi/abs/10.1073/pnas.96.17.9497,AQSVPYGVSQIKAPALHSQGYTGSNVKVAVIDSGIDSSHPDLKVAGGASMVPSETNPFQDNNSHGTHVAGTVAALNNSIGVLGVAPSASLYAVKVLGADGSGQYSWIINGIEWAIANNMDVINMSLGGPSGSAALKAAVDKAVASGVVVVAAAGNEGTSGSSSTVGYPGKYPSVIAVGAVDSSNQRASFSSVGPELDVMAPGVSIQSTLPGNKYGAYNGTSMASPHVAGAAALILSKHPNWTNTQVRSSLENTTTKLGDSFYYGKGLINVQAAAQ,0.0,,0.0
1,I31L/S3T,2.0,,,25,ABz-AAPFglcK-NH2,Subtilisin BPNâ² ,Selection for improved subtiligases by phage display,https://www.pnas.org/doi/abs/10.1073/pnas.96.17.9497,AQTVPYGVSQIKAPALHSQGYTGSNVKVAVLDSGIDSSHPDLKVAGGASMVPSETNPFQDNNSHGTHVAGTVAALNNSIGVLGVAPSASLYAVKVLGADGSGQYSWIINGIEWAIANNMDVINMSLGGPSGSAALKAAVDKAVASGVVVVAAAGNEGTSGSSSTVGYPGKYPSVIAVGAVDSSNQRASFSSVGPELDVMAPGVSIQSTLPGNKYGAYNGTSMASPHVAGAAALILSKHPNWTNTQVRSSLENTTTKLGDSFYYGKGLINVQAAAQ,0.6931471805599453,S3T/I31L,-9.399140015042857
2,H67Y,1.13,,,25,ABz-AAPFglcK-NH2,Subtilisin BPNâ² ,Selection for improved subtiligases by phage display,https://www.pnas.org/doi/abs/10.1073/pnas.96.17.9498,AQSVPYGVSQIKAPALHSQGYTGSNVKVAVIDSGIDSSHPDLKVAGGASMVPSETNPFQDNNSHGTYVAGTVAALNNSIGVLGVAPSASLYAVKVLGADGSGQYSWIINGIEWAIANNMDVINMSLGGPSGSAALKAAVDKAVASGVVVVAAAGNEGTSGSSSTVGYPGKYPSVIAVGAVDSSNQRASFSSVGPELDVMAPGVSIQSTLPGNKYGAYNGTSMASPHVAGAAALILSKHPNWTNTQVRSSLENTTTKLGDSFYYGKGLINVQAAAQ,0.1222176327242491,H67Y,-7.487227345615599
3,H67A,1.13,,,25,ABz-AAPFglcK-NH2,Subtilisin BPNâ² ,Selection for improved subtiligases by phage display,https://www.pnas.org/doi/abs/10.1073/pnas.96.17.9499,AQSVPYGVSQIKAPALHSQGYTGSNVKVAVIDSGIDSSHPDLKVAGGASMVPSETNPFQDNNSHGTAVAGTVAALNNSIGVLGVAPSASLYAVKVLGADGSGQYSWIINGIEWAIANNMDVINMSLGGPSGSAALKAAVDKAVASGVVVVAAAGNEGTSGSSSTVGYPGKYPSVIAVGAVDSSNQRASFSSVGPELDVMAPGVSIQSTLPGNKYGAYNGTSMASPHVAGAAALILSKHPNWTNTQVRSSLENTTTKLGDSFYYGKGLINVQAAAQ,0.1222176327242491,H67A,-11.768155602587887
4,M124L/L126G,1.0,,,25,ABz-AAPFglcK-NH2,Subtilisin BPNâ² ,Selection for improved subtiligases by phage display,https://www.pnas.org/doi/abs/10.1073/pnas.96.17.9501,AQSVPYGVSQIKAPALHSQGYTGSNVKVAVIDSGIDSSHPDLKVAGGASMVPSETNPFQDNNSHGTHVAGTVAALNNSIGVLGVAPSASLYAVKVLGADGSGQYSWIINGIEWAIANNMDVINLSGGGPSGSAALKAAVDKAVASGVVVVAAAGNEGTSGSSSTVGYPGKYPSVIAVGAVDSSNQRASFSSVGPELDVMAPGVSIQSTLPGNKYGAYNGTSMASPHVAGAAALILSKHPNWTNTQVRSSLENTTTKLGDSFYYGKGLINVQAAAQ,0.0,M124L/L126G,-21.544058320057072
5,M124L/L126V,3.3,,,25,ABz-AAPFglcK-NH2,Subtilisin BPNâ² ,Selection for improved subtiligases by phage display,https://www.pnas.org/doi/abs/10.1073/pnas.96.17.9502,AQSVPYGVSQIKAPALHSQGYTGSNVKVAVIDSGIDSSHPDLKVAGGASMVPSETNPFQDNNSHGTHVAGTVAALNNSIGVLGVAPSASLYAVKVLGADGSGQYSWIINGIEWAIANNMDVINLSVGGPSGSAALKAAVDKAVASGVVVVAAAGNEGTSGSSSTVGYPGKYPSVIAVGAVDSSNQRASFSSVGPELDVMAPGVSIQSTLPGNKYGAYNGTSMASPHVAGAAALILSKHPNWTNTQVRSSLENTTTKLGDSFYYGKGLINVQAAAQ,1.1939224684724346,M124L/L126V,-13.214483667644924
6,M124L/S125A,3.3,,,25,ABz-AAPFglcK-NH2,Subtilisin BPNâ² ,Selection for improved subtiligases by phage display,https://www.pnas.org/doi/abs/10.1073/pnas.96.17.9503,AQSVPYGVSQIKAPALHSQGYTGSNVKVAVIDSGIDSSHPDLKVAGGASMVPSETNPFQDNNSHGTHVAGTVAALNNSIGVLGVAPSASLYAVKVLGADGSGQYSWIINGIEWAIANNMDVINLALGGPSGSAALKAAVDKAVASGVVVVAAAGNEGTSGSSSTVGYPGKYPSVIAVGAVDSSNQRASFSSVGPELDVMAPGVSIQSTLPGNKYGAYNGTSMASPHVAGAAALILSKHPNWTNTQVRSSLENTTTKLGDSFYYGKGLINVQAAAQ,1.1939224684724346,M124L/S125A,-6.444182914748014
7,M124L/S125G/L126A,1.41,,,25,ABz-AAPFglcK-NH2,Subtilisin BPNâ² ,Selection for improved subtiligases by phage display,https://www.pnas.org/doi/abs/10.1073/pnas.96.17.9504,AQSVPYGVSQIKAPALHSQGYTGSNVKVAVIDSGIDSSHPDLKVAGGASMVPSETNPFQDNNSHGTHVAGTVAALNNSIGVLGVAPSASLYAVKVLGADGSGQYSWIINGIEWAIANNMDVINLGAGGPSGSAALKAAVDKAVASGVVVVAAAGNEGTSGSSSTVGYPGKYPSVIAVGAVDSSNQRASFSSVGPELDVMAPGVSIQSTLPGNKYGAYNGTSMASPHVAGAAALILSKHPNWTNTQVRSSLENTTTKLGDSFYYGKGLINVQAAAQ,0.3435897043900768,M124L/S125G/L126A,-24.51693811201961
8,M124L/S125G/L126C,2.2,,,25,ABz-AAPFglcK-NH2,Subtilisin BPNâ² ,Selection for improved subtiligases by phage display,https://www.pnas.org/doi/abs/10.1073/pnas.96.17.9505,AQSVPYGVSQIKAPALHSQGYTGSNVKVAVIDSGIDSSHPDLKVAGGASMVPSETNPFQDNNSHGTHVAGTVAALNNSIGVLGVAPSASLYAVKVLGADGSGQYSWIINGIEWAIANNMDVINLGCGGPSGSAALKAAVDKAVASGVVVVAAAGNEGTSGSSSTVGYPGKYPSVIAVGAVDSSNQRASFSSVGPELDVMAPGVSIQSTLPGNKYGAYNGTSMASPHVAGAAALILSKHPNWTNTQVRSSLENTTTKLGDSFYYGKGLINVQAAAQ,0.7884573603642703,M124L/S125G/L126C,-19.32254785740295
9,S125G/L126C,2.0,,,25,ABz-AAPFglcK-NH2,Subtilisin BPNâ² ,Selection for improved subtiligases by phage display,https://www.pnas.org/doi/abs/10.1073/pnas.96.17.9506,AQSVPYGVSQIKAPALHSQGYTGSNVKVAVIDSGIDSSHPDLKVAGGASMVPSETNPFQDNNSHGTHVAGTVAALNNSIGVLGVAPSASLYAVKVLGADGSGQYSWIINGIEWAIANNMDVINMGCGGPSGSAALKAAVDKAVASGVVVVAAAGNEGTSGSSSTVGYPGKYPSVIAVGAVDSSNQRASFSSVGPELDVMAPGVSIQSTLPGNKYGAYNGTSMASPHVAGAAALILSKHPNWTNTQVRSSLENTTTKLGDSFYYGKGLINVQAAAQ,0.6931471805599453,S125G/L126C,-16.069320117555016
10,M124I/S125A/L126V,1.48,,,25,ABz-AAPFglcK-NH2,Subtilisin BPNâ² ,Selection for improved subtiligases by phage display,https://www.pnas.org/doi/abs/10.1073/pnas.96.17.9507,AQSVPYGVSQIKAPALHSQGYTGSNVKVAVIDSGIDSSHPDLKVAGGASMVPSETNPFQDNNSHGTHVAGTVAALNNSIGVLGVAPSASLYAVKVLGADGSGQYSWIINGIEWAIANNMDVINIAVGGPSGSAALKAAVDKAVASGVVVVAAAGNEGTSGSSSTVGYPGKYPSVIAVGAVDSSNQRASFSSVGPELDVMAPGVSIQSTLPGNKYGAYNGTSMASPHVAGAAALILSKHPNWTNTQVRSSLENTTTKLGDSFYYGKGLINVQAAAQ,0.3920420877760237,M124I/S125A/L126V,-21.625163654850507
11,M124I,1.0,,,25,ABz-AAPFglcK-NH2,Subtilisin BPNâ² ,Selection for improved subtiligases by phage display,https://www.pnas.org/doi/abs/10.1073/pnas.96.17.9508,AQSVPYGVSQIKAPALHSQGYTGSNVKVAVIDSGIDSSHPDLKVAGGASMVPSETNPFQDNNSHGTHVAGTVAALNNSIGVLGVAPSASLYAVKVLGADGSGQYSWIINGIEWAIANNMDVINISLGGPSGSAALKAAVDKAVASGVVVVAAAGNEGTSGSSSTVGYPGKYPSVIAVGAVDSSNQRASFSSVGPELDVMAPGVSIQSTLPGNKYGAYNGTSMASPHVAGAAALILSKHPNWTNTQVRSSLENTTTKLGDSFYYGKGLINVQAAAQ,0.0,M124I,-8.472952552153435
12,A152C,1.068,,,25,ABz-AAPFglcK-NH2,Subtilisin BPNâ² ,Selection for improved subtiligases by phage display,https://www.pnas.org/doi/abs/10.1073/pnas.96.17.9509,AQSVPYGVSQIKAPALHSQGYTGSNVKVAVIDSGIDSSHPDLKVAGGASMVPSETNPFQDNNSHGTHVAGTVAALNNSIGVLGVAPSASLYAVKVLGADGSGQYSWIINGIEWAIANNMDVINMSLGGPSGSAALKAAVDKAVASGVVVVACAGNEGTSGSSSTVGYPGKYPSVIAVGAVDSSNQRASFSSVGPELDVMAPGVSIQSTLPGNKYGAYNGTSMASPHVAGAAALILSKHPNWTNTQVRSSLENTTTKLGDSFYYGKGLINVQAAAQ,0.0657877405380031,A152C,-9.207355153205969
13,A152S,1.079,,,25,ABz-AAPFglcK-NH2,Subtilisin BPNâ² ,Selection for improved subtiligases by phage display,https://www.pnas.org/doi/abs/10.1073/pnas.96.17.9510,AQSVPYGVSQIKAPALHSQGYTGSNVKVAVIDSGIDSSHPDLKVAGGASMVPSETNPFQDNNSHGTHVAGTVAALNNSIGVLGVAPSASLYAVKVLGADGSGQYSWIINGIEWAIANNMDVINMSLGGPSGSAALKAAVDKAVASGVVVVASAGNEGTSGSSSTVGYPGKYPSVIAVGAVDSSNQRASFSSVGPELDVMAPGVSIQSTLPGNKYGAYNGTSMASPHVAGAAALILSKHPNWTNTQVRSSLENTTTKLGDSFYYGKGLINVQAAAQ,0.0760346862759975,A152S,-2.1545797706723278
14,N218S,1.63,,,25,ABz-AAPFglcK-NH2,Subtilisin BPNâ² ,Selection for improved subtiligases by phage display,https://www.pnas.org/doi/abs/10.1073/pnas.96.17.9511,AQSVPYGVSQIKAPALHSQGYTGSNVKVAVIDSGIDSSHPDLKVAGGASMVPSETNPFQDNNSHGTHVAGTVAALNNSIGVLGVAPSASLYAVKVLGADGSGQYSWIINGIEWAIANNMDVINMSLGGPSGSAALKAAVDKAVASGVVVVAAAGNEGTSGSSSTVGYPGKYPSVIAVGAVDSSNQRASFSSVGPELDVMAPGVSIQSTLPGNKYGAYSGTSMASPHVAGAAALILSKHPNWTNTQVRSSLENTTTKLGDSFYYGKGLINVQAAAQ,0.4885800148186709,N218S,-9.043610181621084
15,Y217A/N218S,1.72,,,25,ABz-AAPFglcK-NH2,Subtilisin BPNâ² ,Selection for improved subtiligases by phage display,https://www.pnas.org/doi/abs/10.1073/pnas.96.17.9512,AQSVPYGVSQIKAPALHSQGYTGSNVKVAVIDSGIDSSHPDLKVAGGASMVPSETNPFQDNNSHGTHVAGTVAALNNSIGVLGVAPSASLYAVKVLGADGSGQYSWIINGIEWAIANNMDVINMSLGGPSGSAALKAAVDKAVASGVVVVAAAGNEGTSGSSSTVGYPGKYPSVIAVGAVDSSNQRASFSSVGPELDVMAPGVSIQSTLPGNKYGAASGTSMASPHVAGAAALILSKHPNWTNTQVRSSLENTTTKLGDSFYYGKGLINVQAAAQ,0.5423242908253617,Y217A/N218S,-24.190124522416056
16,Y217C/N218T,2.9,,,25,ABz-AAPFglcK-NH2,Subtilisin BPNâ² ,Selection for improved subtiligases by phage display,https://www.pnas.org/doi/abs/10.1073/pnas.96.17.9513,AQSVPYGVSQIKAPALHSQGYTGSNVKVAVIDSGIDSSHPDLKVAGGASMVPSETNPFQDNNSHGTHVAGTVAALNNSIGVLGVAPSASLYAVKVLGADGSGQYSWIINGIEWAIANNMDVINMSLGGPSGSAALKAAVDKAVASGVVVVAAAGNEGTSGSSSTVGYPGKYPSVIAVGAVDSSNQRASFSSVGPELDVMAPGVSIQSTLPGNKYGACTGTSMASPHVAGAAALILSKHPNWTNTQVRSSLENTTTKLGDSFYYGKGLINVQAAAQ,1.0647107369924282,Y217C/N218T,-20.481796481601876
17,Y217V/N218T,1.58,,,25,ABz-AAPFglcK-NH2,Subtilisin BPNâ² ,Selection for improved subtiligases by phage display,https://www.pnas.org/doi/abs/10.1073/pnas.96.17.9514,AQSVPYGVSQIKAPALHSQGYTGSNVKVAVIDSGIDSSHPDLKVAGGASMVPSETNPFQDNNSHGTHVAGTVAALNNSIGVLGVAPSASLYAVKVLGADGSGQYSWIINGIEWAIANNMDVINMSLGGPSGSAALKAAVDKAVASGVVVVAAAGNEGTSGSSSTVGYPGKYPSVIAVGAVDSSNQRASFSSVGPELDVMAPGVSIQSTLPGNKYGAVTGTSMASPHVAGAAALILSKHPNWTNTQVRSSLENTTTKLGDSFYYGKGLINVQAAAQ,0.4574248470388755,Y217V/N218T,-23.392938459563158
18,Y217M/N218A,1.19,,,25,ABz-AAPFglcK-NH2,Subtilisin BPNâ² ,Selection for improved subtiligases by phage display,https://www.pnas.org/doi/abs/10.1073/pnas.96.17.9515,AQSVPYGVSQIKAPALHSQGYTGSNVKVAVIDSGIDSSHPDLKVAGGASMVPSETNPFQDNNSHGTHVAGTVAALNNSIGVLGVAPSASLYAVKVLGADGSGQYSWIINGIEWAIANNMDVINMSLGGPSGSAALKAAVDKAVASGVVVVAAAGNEGTSGSSSTVGYPGKYPSVIAVGAVDSSNQRASFSSVGPELDVMAPGVSIQSTLPGNKYGAMAGTSMASPHVAGAAALILSKHPNWTNTQVRSSLENTTTKLGDSFYYGKGLINVQAAAQ,0.1739533071234379,Y217M/N218A,-19.00510418373147
19,Y217G/N218H,1.61,,,25,ABz-AAPFglcK-NH2,Subtilisin BPNâ² ,Selection for improved subtiligases by phage display,https://www.pnas.org/doi/abs/10.1073/pnas.96.17.9516,AQSVPYGVSQIKAPALHSQGYTGSNVKVAVIDSGIDSSHPDLKVAGGASMVPSETNPFQDNNSHGTHVAGTVAALNNSIGVLGVAPSASLYAVKVLGADGSGQYSWIINGIEWAIANNMDVINMSLGGPSGSAALKAAVDKAVASGVVVVAAAGNEGTSGSSSTVGYPGKYPSVIAVGAVDSSNQRASFSSVGPELDVMAPGVSIQSTLPGNKYGAGHGTSMASPHVAGAAALILSKHPNWTNTQVRSSLENTTTKLGDSFYYGKGLINVQAAAQ,0.4762341789963717,Y217G/N218H,-24.767111412373684
20,M222G,2.9,,,25,ABz-AAPFglcK-NH2,Subtilisin BPNâ² ,Selection for improved subtiligases by phage display,https://www.pnas.org/doi/abs/10.1073/pnas.96.17.9517,AQSVPYGVSQIKAPALHSQGYTGSNVKVAVIDSGIDSSHPDLKVAGGASMVPSETNPFQDNNSHGTHVAGTVAALNNSIGVLGVAPSASLYAVKVLGADGSGQYSWIINGIEWAIANNMDVINMSLGGPSGSAALKAAVDKAVASGVVVVAAAGNEGTSGSSSTVGYPGKYPSVIAVGAVDSSNQRASFSSVGPELDVMAPGVSIQSTLPGNKYGAYNGTSGASPHVAGAAALILSKHPNWTNTQVRSSLENTTTKLGDSFYYGKGLINVQAAAQ,1.0647107369924282,M222G,-16.161115344676308
21,M222S,2.9,,,25,ABz-AAPFglcK-NH2,Subtilisin BPNâ² ,Selection for improved subtiligases by phage display,https://www.pnas.org/doi/abs/10.1073/pnas.96.17.9518,AQSVPYGVSQIKAPALHSQGYTGSNVKVAVIDSGIDSSHPDLKVAGGASMVPSETNPFQDNNSHGTHVAGTVAALNNSIGVLGVAPSASLYAVKVLGADGSGQYSWIINGIEWAIANNMDVINMSLGGPSGSAALKAAVDKAVASGVVVVAAAGNEGTSGSSSTVGYPGKYPSVIAVGAVDSSNQRASFSSVGPELDVMAPGVSIQSTLPGNKYGAYNGTSSASPHVAGAAALILSKHPNWTNTQVRSSLENTTTKLGDSFYYGKGLINVQAAAQ,1.0647107369924282,M222S,-10.770964016988202
22,M222S/S224A,2.7,,,25,ABz-AAPFglcK-NH2,Subtilisin BPNâ² ,Selection for improved subtiligases by phage display,https://www.pnas.org/doi/abs/10.1073/pnas.96.17.9519,AQSVPYGVSQIKAPALHSQGYTGSNVKVAVIDSGIDSSHPDLKVAGGASMVPSETNPFQDNNSHGTHVAGTVAALNNSIGVLGVAPSASLYAVKVLGADGSGQYSWIINGIEWAIANNMDVINMSLGGPSGSAALKAAVDKAVASGVVVVAAAGNEGTSGSSSTVGYPGKYPSVIAVGAVDSSNQRASFSSVGPELDVMAPGVSIQSTLPGNKYGAYNGTSSAAPHVAGAAALILSKHPNWTNTQVRSSLENTTTKLGDSFYYGKGLINVQAAAQ,0.9932517730102834,M222S/S224A,-9.18564898874306
23,M222A/P225G,2.4,,,25,ABz-AAPFglcK-NH2,Subtilisin BPNâ² ,Selection for improved subtiligases by phage display,https://www.pnas.org/doi/abs/10.1073/pnas.96.17.9520,AQSVPYGVSQIKAPALHSQGYTGSNVKVAVIDSGIDSSHPDLKVAGGASMVPSETNPFQDNNSHGTHVAGTVAALNNSIGVLGVAPSASLYAVKVLGADGSGQYSWIINGIEWAIANNMDVINMSLGGPSGSAALKAAVDKAVASGVVVVAAAGNEGTSGSSSTVGYPGKYPSVIAVGAVDSSNQRASFSSVGPELDVMAPGVSIQSTLPGNKYGAYNGTSAASGHVAGAAALILSKHPNWTNTQVRSSLENTTTKLGDSFYYGKGLINVQAAAQ,0.8754687373538999,M222A/P225G,-21.92778556721332
24,M222V,1.19,,,25,ABz-AAPFglcK-NH2,Subtilisin BPNâ² ,Selection for improved subtiligases by phage display,https://www.pnas.org/doi/abs/10.1073/pnas.96.17.9521,AQSVPYGVSQIKAPALHSQGYTGSNVKVAVIDSGIDSSHPDLKVAGGASMVPSETNPFQDNNSHGTHVAGTVAALNNSIGVLGVAPSASLYAVKVLGADGSGQYSWIINGIEWAIANNMDVINMSLGGPSGSAALKAAVDKAVASGVVVVAAAGNEGTSGSSSTVGYPGKYPSVIAVGAVDSSNQRASFSSVGPELDVMAPGVSIQSTLPGNKYGAYNGTSVASPHVAGAAALILSKHPNWTNTQVRSSLENTTTKLGDSFYYGKGLINVQAAAQ,0.1739533071234379,M222V,-12.041572854462128
25,M222F,3.7,,,25,ABz-AAPFglcK-NH2,Subtilisin BPNâ² ,Selection for improved subtiligases by phage display,https://www.pnas.org/doi/abs/10.1073/pnas.96.17.9523,AQSVPYGVSQIKAPALHSQGYTGSNVKVAVIDSGIDSSHPDLKVAGGASMVPSETNPFQDNNSHGTHVAGTVAALNNSIGVLGVAPSASLYAVKVLGADGSGQYSWIINGIEWAIANNMDVINMSLGGPSGSAALKAAVDKAVASGVVVVAAAGNEGTSGSSSTVGYPGKYPSVIAVGAVDSSNQRASFSSVGPELDVMAPGVSIQSTLPGNKYGAYNGTSFASPHVAGAAALILSKHPNWTNTQVRSSLENTTTKLGDSFYYGKGLINVQAAAQ,1.308332819650179,M222F,-13.941517684605612
26,A223S/S224C,1.79,,,25,ABz-AAPFglcK-NH2,Subtilisin BPNâ² ,Selection for improved subtiligases by phage display,https://www.pnas.org/doi/abs/10.1073/pnas.96.17.9524,AQSVPYGVSQIKAPALHSQGYTGSNVKVAVIDSGIDSSHPDLKVAGGASMVPSETNPFQDNNSHGTHVAGTVAALNNSIGVLGVAPSASLYAVKVLGADGSGQYSWIINGIEWAIANNMDVINMSLGGPSGSAALKAAVDKAVASGVVVVAAAGNEGTSGSSSTVGYPGKYPSVIAVGAVDSSNQRASFSSVGPELDVMAPGVSIQSTLPGNKYGAYNGTSMSCPHVAGAAALILSKHPNWTNTQVRSSLENTTTKLGDSFYYGKGLINVQAAAQ,0.5822156198526637,A223S/S224C,-9.671620759292367
27,wild-type,1.0,26.0,,25,suc-L-AAPF-p-nitroanilide,Subtilisin BPNâ²,Effects of engineered salt bridges on the stability of subtilisin BPN',https://academic.oup.com/peds/article-abstract/4/1/87/1452623,AQSVPYGVSQIKAPALHSQGYTGSNVKVAVIDSGIDSSHPDLKVAGGASMVPSETNPFQDNNSHGTHVAGTVAALNNSIGVLGVAPSASLYAVKVLGADGSGQYSWIINGIEWAIANNMDVINMSLGGPSGSAALKAAVDKAVASGVVVVAAAGNEGTSGSSSTVGYPGKYPSVIAVGAVDSSNQRASFSSVGPELDVMAPGVSIQSTLPGNKYGAYNGTSMASPHVAGAAALILSKHPNWTNTQVRSSLENTTTKLGDSFYYGKGLINVQAAAQ,0.0,,0.0
28,Q19E,0.95,24.7,,25,suc-L-AAPF-p-nitroanilide,Subtilisin BPNâ²,Effects of engineered salt bridges on the stability of subtilisin BPN',https://academic.oup.com/peds/article-abstract/4/1/87/1452624,AQSVPYGVSQIKAPALHSEGYTGSNVKVAVIDSGIDSSHPDLKVAGGASMVPSETNPFQDNNSHGTHVAGTVAALNNSIGVLGVAPSASLYAVKVLGADGSGQYSWIINGIEWAIANNMDVINMSLGGPSGSAALKAAVDKAVASGVVVVAAAGNEGTSGSSSTVGYPGKYPSVIAVGAVDSSNQRASFSSVGPELDVMAPGVSIQSTLPGNKYGAYNGTSMASPHVAGAAALILSKHPNWTNTQVRSSLENTTTKLGDSFYYGKGLINVQAAAQ,-0.0512932943875505,Q19E,-2.4907564014144845
29,Q271E,1.044,27.14285714,,25,suc-L-AAPF-p-nitroanilide,Subtilisin BPNâ²,Effects of engineered salt bridges on the stability of subtilisin BPN',https://academic.oup.com/peds/article-abstract/4/1/87/1452625,AQSVPYGVSQIKAPALHSQGYTGSNVKVAVIDSGIDSSHPDLKVAGGASMVPSETNPFQDNNSHGTHVAGTVAALNNSIGVLGVAPSASLYAVKVLGADGSGQYSWIINGIEWAIANNMDVINMSLGGPSGSAALKAAVDKAVASGVVVVAAAGNEGTSGSSSTVGYPGKYPSVIAVGAVDSSNQRASFSSVGPELDVMAPGVSIQSTLPGNKYGAYNGTSMASPHVAGAAALILSKHPNWTNTQVRSSLENTTTKLGDSFYYGKGLINVEAAAQ,0.043059489460447,Q271E,1.0833375296298873
30,Q19E/Q271E,0.917,23.8,,25,suc-L-AAPF-p-nitroanilide,Subtilisin BPNâ²,Effects of engineered salt bridges on the stability of subtilisin BPN',https://academic.oup.com/peds/article-abstract/4/1/87/1452626,AQSVPYGVSQIKAPALHSEGYTGSNVKVAVIDSGIDSSHPDLKVAGGASMVPSETNPFQDNNSHGTHVAGTVAALNNSIGVLGVAPSASLYAVKVLGADGSGQYSWIINGIEWAIANNMDVINMSLGGPSGSAALKAAVDKAVASGVVVVAAAGNEGTSGSSSTVGYPGKYPSVIAVGAVDSSNQRASFSSVGPELDVMAPGVSIQSTLPGNKYGAYNGTSMASPHVAGAAALILSKHPNWTNTQVRSSLENTTTKLGDSFYYGKGLINVEAAAQ,-0.0866478067256721,Q19E/Q271E,-1.4074188717845972
31,A98K,1.051,27.33333333,,25,suc-L-AAPF-p-nitroanilide,Subtilisin BPNâ²,Effects of engineered salt bridges on the stability of subtilisin BPN',https://academic.oup.com/peds/article-abstract/4/1/87/1452627,AQSVPYGVSQIKAPALHSQGYTGSNVKVAVIDSGIDSSHPDLKVAGGASMVPSETNPFQDNNSHGTHVAGTVAALNNSIGVLGVAPSASLYAVKVLGKDGSGQYSWIINGIEWAIANNMDVINMSLGGPSGSAALKAAVDKAVASGVVVVAAAGNEGTSGSSSTVGYPGKYPSVIAVGAVDSSNQRASFSSVGPELDVMAPGVSIQSTLPGNKYGAYNGTSMASPHVAGAAALILSKHPNWTNTQVRSSLENTTTKLGDSFYYGKGLINVQAAAQ,0.049742091894814,A98K,-10.856207724654057
32,S89E,0.841,21.9,,25,suc-L-AAPF-p-nitroanilide,Subtilisin BPNâ²,Effects of engineered salt bridges on the stability of subtilisin BPN',https://academic.oup.com/peds/article-abstract/4/1/87/1452628,AQSVPYGVSQIKAPALHSQGYTGSNVKVAVIDSGIDSSHPDLKVAGGASMVPSETNPFQDNNSHGTHVAGTVAALNNSIGVLGVAPSAELYAVKVLGADGSGQYSWIINGIEWAIANNMDVINMSLGGPSGSAALKAAVDKAVASGVVVVAAAGNEGTSGSSSTVGYPGKYPSVIAVGAVDSSNQRASFSSVGPELDVMAPGVSIQSTLPGNKYGAYNGTSMASPHVAGAAALILSKHPNWTNTQVRSSLENTTTKLGDSFYYGKGLINVQAAAQ,-0.173163619009189,S89E,-1.3553685346739148
33,V26R,0.817,21.3,,25,suc-L-AAPF-p-nitroanilide,Subtilisin BPNâ²,Effects of engineered salt bridges on the stability of subtilisin BPN',https://academic.oup.com/peds/article-abstract/4/1/87/1452629,AQSVPYGVSQIKAPALHSQGYTGSNRKVAVIDSGIDSSHPDLKVAGGASMVPSETNPFQDNNSHGTHVAGTVAALNNSIGVLGVAPSASLYAVKVLGADGSGQYSWIINGIEWAIANNMDVINMSLGGPSGSAALKAAVDKAVASGVVVVAAAGNEGTSGSSSTVGYPGKYPSVIAVGAVDSSNQRASFSSVGPELDVMAPGVSIQSTLPGNKYGAYNGTSMASPHVAGAAALILSKHPNWTNTQVRSSLENTTTKLGDSFYYGKGLINVQAAAQ,-0.2021161841221342,V26R,-18.212706391442346
34,L235R,0.872,22.7,,25,suc-L-AAPF-p-nitroanilide,Subtilisin BPNâ²,Effects of engineered salt bridges on the stability of subtilisin BPN',https://academic.oup.com/peds/article-abstract/4/1/87/1452630,AQSVPYGVSQIKAPALHSQGYTGSNVKVAVIDSGIDSSHPDLKVAGGASMVPSETNPFQDNNSHGTHVAGTVAALNNSIGVLGVAPSASLYAVKVLGADGSGQYSWIINGIEWAIANNMDVINMSLGGPSGSAALKAAVDKAVASGVVVVAAAGNEGTSGSSSTVGYPGKYPSVIAVGAVDSSNQRASFSSVGPELDVMAPGVSIQSTLPGNKYGAYNGTSMASPHVAGAAALIRSKHPNWTNTQVRSSLENTTTKLGDSFYYGKGLINVQAAAQ,-0.1369658550731574,L235R,-18.842589201645257
35,V51K,0.791,20.6,,25,suc-L-AAPF-p-nitroanilide,Subtilisin BPNâ²,Effects of engineered salt bridges on the stability of subtilisin BPN',https://academic.oup.com/peds/article-abstract/4/1/87/1452631,AQSVPYGVSQIKAPALHSQGYTGSNVKVAVIDSGIDSSHPDLKVAGGASMKPSETNPFQDNNSHGTHVAGTVAALNNSIGVLGVAPSASLYAVKVLGADGSGQYSWIINGIEWAIANNMDVINMSLGGPSGSAALKAAVDKAVASGVVVVAAAGNEGTSGSSSTVGYPGKYPSVIAVGAVDSSNQRASFSSVGPELDVMAPGVSIQSTLPGNKYGAYNGTSMASPHVAGAAALILSKHPNWTNTQVRSSLENTTTKLGDSFYYGKGLINVQAAAQ,-0.2344573112144831,V51K,-14.103511751410373
36,T164R,1.231,32,,25,suc-L-AAPF-p-nitroanilide,Subtilisin BPNâ²,Effects of engineered salt bridges on the stability of subtilisin BPN',https://academic.oup.com/peds/article-abstract/4/1/87/1452632,AQSVPYGVSQIKAPALHSQGYTGSNVKVAVIDSGIDSSHPDLKVAGGASMVPSETNPFQDNNSHGTHVAGTVAALNNSIGVLGVAPSASLYAVKVLGADGSGQYSWIINGIEWAIANNMDVINMSLGGPSGSAALKAAVDKAVASGVVVVAAAGNEGTSGSSSRVGYPGKYPSVIAVGAVDSSNQRASFSSVGPELDVMAPGVSIQSTLPGNKYGAYNGTSMASPHVAGAAALILSKHPNWTNTQVRSSLENTTTKLGDSFYYGKGLINVQAAAQ,0.2078268472023165,T164R,-19.964431434269454
37,N77K,0.801,20.8,,25,suc-L-AAPF-p-nitroanilide,Subtilisin BPNâ²,Effects of engineered salt bridges on the stability of subtilisin BPN',https://academic.oup.com/peds/article-abstract/4/1/87/1452633,AQSVPYGVSQIKAPALHSQGYTGSNVKVAVIDSGIDSSHPDLKVAGGASMVPSETNPFQDNNSHGTHVAGTVAALNKSIGVLGVAPSASLYAVKVLGADGSGQYSWIINGIEWAIANNMDVINMSLGGPSGSAALKAAVDKAVASGVVVVAAAGNEGTSGSSSTVGYPGKYPSVIAVGAVDSSNQRASFSSVGPELDVMAPGVSIQSTLPGNKYGAYNGTSMASPHVAGAAALILSKHPNWTNTQVRSSLENTTTKLGDSFYYGKGLINVQAAAQ,-0.2218943319137777,N77K,-10.415953723245572
38,wild-type,1.0,3.5,,25,N-succinyl-L-AAPF-p-nitroanilide,Subtilisin BPNâ²,The importance of a distal hydrogen bonding group in stabilizing the transition state in subtilisin BPN?,https://www.jbc.org/article/S0021-9258(18)99027-7/fulltext,AQSVPYGVSQIKAPALHSQGYTGSNVKVAVIDSGIDSSHPDLKVAGGASMVPSETNPFQDNNSHGTHVAGTVAALNNSIGVLGVAPSASLYAVKVLGADGSGQYSWIINGIEWAIANNMDVINMSLGGPSGSAALKAAVDKAVASGVVVVAAAGNEGTSGSSSTVGYPGKYPSVIAVGAVDSSNQRASFSSVGPELDVMAPGVSIQSTLPGNKYGAYNGTSMASPHVAGAAALILSKHPNWTNTQVRSSLENTTTKLGDSFYYGKGLINVQAAAQ,0.0,,0.0
39,S24C/T220S,0.429,1.5,,25,N-succinyl-L-AAPF-p-nitroanilide,Subtilisin BPNâ²,The importance of a distal hydrogen bonding group in stabilizing the transition state in subtilisin BPN?,https://www.jbc.org/article/S0021-9258(18)99027-7/fulltext,AQSVPYGVSQIKAPALHSQGYTGCNVKVAVIDSGIDSSHPDLKVAGGASMVPSETNPFQDNNSHGTHVAGTVAALNNSIGVLGVAPSASLYAVKVLGADGSGQYSWIINGIEWAIANNMDVINMSLGGPSGSAALKAAVDKAVASGVVVVAAAGNEGTSGSSSTVGYPGKYPSVIAVGAVDSSNQRASFSSVGPELDVMAPGVSIQSTLPGNKYGAYNGSSMASPHVAGAAALILSKHPNWTNTQVRSSLENTTTKLGDSFYYGKGLINVQAAAQ,-0.8462983600541201,S24C/T220S,-9.041414170663863
40,S24C/T220C,0.343,1.2,,25,N-succinyl-L-AAPF-p-nitroanilide,Subtilisin BPNâ²,The importance of a distal hydrogen bonding group in stabilizing the transition state in subtilisin BPN?,https://www.jbc.org/article/S0021-9258(18)99027-7/fulltext,AQSVPYGVSQIKAPALHSQGYTGCNVKVAVIDSGIDSSHPDLKVAGGASMVPSETNPFQDNNSHGTHVAGTVAALNNSIGVLGVAPSASLYAVKVLGADGSGQYSWIINGIEWAIANNMDVINMSLGGPSGSAALKAAVDKAVASGVVVVAAAGNEGTSGSSSTVGYPGKYPSVIAVGAVDSSNQRASFSSVGPELDVMAPGVSIQSTLPGNKYGAYNGCSMASPHVAGAAALILSKHPNWTNTQVRSSLENTTTKLGDSFYYGKGLINVQAAAQ,-1.0700248318161971,S24C/T220C,-11.830200531590172
41,S24C/T220V,2.743,9.6,,25,N-succinyl-L-AAPF-p-nitroanilide,Subtilisin BPNâ²,The importance of a distal hydrogen bonding group in stabilizing the transition state in subtilisin BPN?,https://www.jbc.org/article/S0021-9258(18)99027-7/fulltext,AQSVPYGVSQIKAPALHSQGYTGCNVKVAVIDSGIDSSHPDLKVAGGASMVPSETNPFQDNNSHGTHVAGTVAALNNSIGVLGVAPSASLYAVKVLGADGSGQYSWIINGIEWAIANNMDVINMSLGGPSGSAALKAAVDKAVASGVVVVAAAGNEGTSGSSSTVGYPGKYPSVIAVGAVDSSNQRASFSSVGPELDVMAPGVSIQSTLPGNKYGAYNGVSMASPHVAGAAALILSKHPNWTNTQVRSSLENTTTKLGDSFYYGKGLINVQAAAQ,1.009052211955466,S24C/T220V,-15.109850968446947
42,S24C/T220A,0.514,1.8,,25,N-succinyl-L-AAPF-p-nitroanilide,Subtilisin BPNâ²,The importance of a distal hydrogen bonding group in stabilizing the transition state in subtilisin BPN?,https://www.jbc.org/article/S0021-9258(18)99027-7/fulltext,AQSVPYGVSQIKAPALHSQGYTGCNVKVAVIDSGIDSSHPDLKVAGGASMVPSETNPFQDNNSHGTHVAGTVAALNNSIGVLGVAPSASLYAVKVLGADGSGQYSWIINGIEWAIANNMDVINMSLGGPSGSAALKAAVDKAVASGVVVVAAAGNEGTSGSSSTVGYPGKYPSVIAVGAVDSSNQRASFSSVGPELDVMAPGVSIQSTLPGNKYGAYNGASMASPHVAGAAALILSKHPNWTNTQVRSSLENTTTKLGDSFYYGKGLINVQAAAQ,-0.6655320135269719,S24C/T220A,-10.03617648545076
43,S24C/N155A,0.829,2.9,,25,N-succinyl-L-AAPF-p-nitroanilide,Subtilisin BPNâ²,The importance of a distal hydrogen bonding group in stabilizing the transition state in subtilisin BPN?,https://www.jbc.org/article/S0021-9258(18)99027-7/fulltext,AQSVPYGVSQIKAPALHSQGYTGCNVKVAVIDSGIDSSHPDLKVAGGASMVPSETNPFQDNNSHGTHVAGTVAALNNSIGVLGVAPSASLYAVKVLGADGSGQYSWIINGIEWAIANNMDVINMSLGGPSGSAALKAAVDKAVASGVVVVAAAGAEGTSGSSSTVGYPGKYPSVIAVGAVDSSNQRASFSSVGPELDVMAPGVSIQSTLPGNKYGAYNGTSMASPHVAGAAALILSKHPNWTNTQVRSSLENTTTKLGDSFYYGKGLINVQAAAQ,-0.1875351238468421,S24C/N155A,-15.48429945399279
44,S24C/N155A/T220A,0.4,1.4,,25,N-succinyl-L-AAPF-p-nitroanilide,Subtilisin BPNâ²,The importance of a distal hydrogen bonding group in stabilizing the transition state in subtilisin BPN?,https://www.jbc.org/article/S0021-9258(18)99027-7/fulltext,AQSVPYGVSQIKAPALHSQGYTGCNVKVAVIDSGIDSSHPDLKVAGGASMVPSETNPFQDNNSHGTHVAGTVAALNNSIGVLGVAPSASLYAVKVLGADGSGQYSWIINGIEWAIANNMDVINMSLGGPSGSAALKAAVDKAVASGVVVVAAAGAEGTSGSSSTVGYPGKYPSVIAVGAVDSSNQRASFSSVGPELDVMAPGVSIQSTLPGNKYGAYNGASMASPHVAGAAALILSKHPNWTNTQVRSSLENTTTKLGDSFYYGKGLINVQAAAQ,-0.916290731874155,S24C/N155A/T220A,-21.01234125570952
45,S24C/N155S,0.743,2.6,,25,N-succinyl-L-AAPF-p-nitroanilide,Subtilisin BPNâ²,The importance of a distal hydrogen bonding group in stabilizing the transition state in subtilisin BPN?,https://www.jbc.org/article/S0021-9258(18)99027-7/fulltext,AQSVPYGVSQIKAPALHSQGYTGCNVKVAVIDSGIDSSHPDLKVAGGASMVPSETNPFQDNNSHGTHVAGTVAALNNSIGVLGVAPSASLYAVKVLGADGSGQYSWIINGIEWAIANNMDVINMSLGGPSGSAALKAAVDKAVASGVVVVAAAGSEGTSGSSSTVGYPGKYPSVIAVGAVDSSNQRASFSSVGPELDVMAPGVSIQSTLPGNKYGAYNGTSMASPHVAGAAALILSKHPNWTNTQVRSSLENTTTKLGDSFYYGKGLINVQAAAQ,-0.2970592342643779,S24C/N155S,-11.011078653509554
46,S24C/N155S/T220A,1.457,5.1,,25,N-succinyl-L-AAPF-p-nitroanilide,Subtilisin BPNâ²,The importance of a distal hydrogen bonding group in stabilizing the transition state in subtilisin BPN?,https://www.jbc.org/article/S0021-9258(18)99027-7/fulltext,AQSVPYGVSQIKAPALHSQGYTGCNVKVAVIDSGIDSSHPDLKVAGGASMVPSETNPFQDNNSHGTHVAGTVAALNNSIGVLGVAPSASLYAVKVLGADGSGQYSWIINGIEWAIANNMDVINMSLGGPSGSAALKAAVDKAVASGVVVVAAAGSEGTSGSSSTVGYPGKYPSVIAVGAVDSSNQRASFSSVGPELDVMAPGVSIQSTLPGNKYGAYNGASMASPHVAGAAALILSKHPNWTNTQVRSSLENTTTKLGDSFYYGKGLINVQAAAQ,0.3763795272130678,S24C/N155S/T220A,-16.539120455226282
47,N155Q,0.571,2,,25,N-succinyl-L-AAPF-p-nitroanilide,Subtilisin BPNâ²,The importance of a distal hydrogen bonding group in stabilizing the transition state in subtilisin BPN?,https://www.jbc.org/article/S0021-9258(18)99027-7/fulltext,AQSVPYGVSQIKAPALHSQGYTGSNVKVAVIDSGIDSSHPDLKVAGGASMVPSETNPFQDNNSHGTHVAGTVAALNNSIGVLGVAPSASLYAVKVLGADGSGQYSWIINGIEWAIANNMDVINMSLGGPSGSAALKAAVDKAVASGVVVVAAAGQEGTSGSSSTVGYPGKYPSVIAVGAVDSSNQRASFSSVGPELDVMAPGVSIQSTLPGNKYGAYNGTSMASPHVAGAAALILSKHPNWTNTQVRSSLENTTTKLGDSFYYGKGLINVQAAAQ,-0.5603660693261269,N155Q,-6.661937593394695
48,S24C/N155Q/T220A ,1.714,6,,25,N-succinyl-L-AAPF-p-nitroanilide,Subtilisin BPNâ²,The importance of a distal hydrogen bonding group in stabilizing the transition state in subtilisin BPN?,https://www.jbc.org/article/S0021-9258(18)99027-7/fulltext,AQSVPYGVSQIKAPALHSQGYTGCNVKVAVIDSGIDSSHPDLKVAGGASMVPSETNPFQDNNSHGTHVAGTVAALNNSIGVLGVAPSASLYAVKVLGADGSGQYSWIINGIEWAIANNMDVINMSLGGPSGSAALKAAVDKAVASGVVVVAAAGQEGTSGSSSTVGYPGKYPSVIAVGAVDSSNQRASFSSVGPELDVMAPGVSIQSTLPGNKYGAYNGASMASPHVAGAAALILSKHPNWTNTQVRSSLENTTTKLGDSFYYGKGLINVQAAAQ,0.538829820175588,S24C/N155Q/T220A,-16.698114078845453
49,wild-type,1.0,260,,25,suceinyl-AAPF-pNa,Subtilisin BPNâ²,Designing subtilisin BPN? to cleave substrates containing dibasic residues,https://pubmed.ncbi.nlm.nih.gov/7577915/,AQSVPYGVSQIKAPALHSQGYTGSNVKVAVIDSGIDSSHPDLKVAGGASMVPSETNPFQDNNSHGTHVAGTVAALNNSIGVLGVAPSASLYAVKVLGADGSGQYSWIINGIEWAIANNMDVINMSLGGPSGSAALKAAVDKAVASGVVVVAAAGNEGTSGSSSTVGYPGKYPSVIAVGAVDSSNQRASFSSVGPELDVMAPGVSIQSTLPGNKYGAYNGTSMASPHVAGAAALILSKHPNWTNTQVRSSLENTTTKLGDSFYYGKGLINVQAAAQ,0.0,,0.0
50,N62D/G166D,0.007,1.9,,25,suceinyl-AAPF-pNa,Subtilisin BPNâ²,Designing subtilisin BPN? to cleave substrates containing dibasic residues,https://pubmed.ncbi.nlm.nih.gov/7577915/,AQSVPYGVSQIKAPALHSQGYTGSNVKVAVIDSGIDSSHPDLKVAGGASMVPSETNPFQDNDSHGTHVAGTVAALNNSIGVLGVAPSASLYAVKVLGADGSGQYSWIINGIEWAIANNMDVINMSLGGPSGSAALKAAVDKAVASGVVVVAAAGNEGTSGSSSTVDYPGKYPSVIAVGAVDSSNQRASFSSVGPELDVMAPGVSIQSTLPGNKYGAYNGTSMASPHVAGAAALILSKHPNWTNTQVRSSLENTTTKLGDSFYYGKGLINVQAAAQ,-4.961845129926823,N62D/G166D,-25.772007300615144
51,N62D/G166E,0.035,9,,25,suceinyl-AAPF-pNa,Subtilisin BPNâ²,Designing subtilisin BPN? to cleave substrates containing dibasic residues,https://pubmed.ncbi.nlm.nih.gov/7577915/,AQSVPYGVSQIKAPALHSQGYTGSNVKVAVIDSGIDSSHPDLKVAGGASMVPSETNPFQDNDSHGTHVAGTVAALNNSIGVLGVAPSASLYAVKVLGADGSGQYSWIINGIEWAIANNMDVINMSLGGPSGSAALKAAVDKAVASGVVVVAAAGNEGTSGSSSTVEYPGKYPSVIAVGAVDSSNQRASFSSVGPELDVMAPGVSIQSTLPGNKYGAYNGTSMASPHVAGAAALILSKHPNWTNTQVRSSLENTTTKLGDSFYYGKGLINVQAAAQ,-3.3524072174927237,N62D/G166E,-33.6770916477964
52,wild-type,1.0,26,,25,suceinyl-AAPF-pNa,Subtilisin BPNâ²,Designing subtilisin BPN? to cleave substrates containing dibasic residues,https://pubmed.ncbi.nlm.nih.gov/7577915/,AQSVPYGVSQIKAPALHSQGYTGSNVKVAVIDSGIDSSHPDLKVAGGASMVPSETNPFQDNNSHGTHVAGTVAALNNSIGVLGVAPSASLYAVKVLGADGSGQYSWIINGIEWAIANNMDVINMSLGGPSGSAALKAAVDKAVASGVVVVAAAGNEGTSGSSSTVGYPGKYPSVIAVGAVDSSNQRASFSSVGPELDVMAPGVSIQSTLPGNKYGAYNGTSMASPHVAGAAALILSKHPNWTNTQVRSSLENTTTKLGDSFYYGKGLINVQAAAQ,0.0,,0.0
53,G166D ,0.223,5.8,,25,suceinyl-AAPF-pNa,Subtilisin BPNâ²,Designing subtilisin BPN? to cleave substrates containing dibasic residues,https://pubmed.ncbi.nlm.nih.gov/7577915/,AQSVPYGVSQIKAPALHSQGYTGSNVKVAVIDSGIDSSHPDLKVAGGASMVPSETNPFQDNNSHGTHVAGTVAALNNSIGVLGVAPSASLYAVKVLGADGSGQYSWIINGIEWAIANNMDVINMSLGGPSGSAALKAAVDKAVASGVVVVAAAGNEGTSGSSSTVDYPGKYPSVIAVGAVDSSNQRASFSSVGPELDVMAPGVSIQSTLPGNKYGAYNGTSMASPHVAGAAALILSKHPNWTNTQVRSSLENTTTKLGDSFYYGKGLINVQAAAQ,-1.5005835075220182,G166D,-23.7952087463423
54,G166E,1.269,33,,25,suceinyl-AAPF-pNa,Subtilisin BPNâ²,Designing subtilisin BPN? to cleave substrates containing dibasic residues,https://pubmed.ncbi.nlm.nih.gov/7577915/,AQSVPYGVSQIKAPALHSQGYTGSNVKVAVIDSGIDSSHPDLKVAGGASMVPSETNPFQDNNSHGTHVAGTVAALNNSIGVLGVAPSASLYAVKVLGADGSGQYSWIINGIEWAIANNMDVINMSLGGPSGSAALKAAVDKAVASGVVVVAAAGNEGTSGSSSTVEYPGKYPSVIAVGAVDSSNQRASFSSVGPELDVMAPGVSIQSTLPGNKYGAYNGTSMASPHVAGAAALILSKHPNWTNTQVRSSLENTTTKLGDSFYYGKGLINVQAAAQ,0.2382291887322505,G166E,-31.70029309352356
55,wild-type,1.0,260,,25,suceinyl-AAPF-pNa,Subtilisin BPNâ²,Designing subtilisin BPN? to cleave substrates containing dibasic residues,https://pubmed.ncbi.nlm.nih.gov/7577915/,AQSVPYGVSQIKAPALHSQGYTGSNVKVAVIDSGIDSSHPDLKVAGGASMVPSETNPFQDNNSHGTHVAGTVAALNNSIGVLGVAPSASLYAVKVLGADGSGQYSWIINGIEWAIANNMDVINMSLGGPSGSAALKAAVDKAVASGVVVVAAAGNEGTSGSSSTVGYPGKYPSVIAVGAVDSSNQRASFSSVGPELDVMAPGVSIQSTLPGNKYGAYNGTSMASPHVAGAAALILSKHPNWTNTQVRSSLENTTTKLGDSFYYGKGLINVQAAAQ,0.0,,0.0
56,S33D,0.769,200,,25,suceinyl-AAPF-pNa,Subtilisin BPNâ²,Designing subtilisin BPN? to cleave substrates containing dibasic residues,https://pubmed.ncbi.nlm.nih.gov/7577915/,AQSVPYGVSQIKAPALHSQGYTGSNVKVAVIDDGIDSSHPDLKVAGGASMVPSETNPFQDNNSHGTHVAGTVAALNNSIGVLGVAPSASLYAVKVLGADGSGQYSWIINGIEWAIANNMDVINMSLGGPSGSAALKAAVDKAVASGVVVVAAAGNEGTSGSSSTVGYPGKYPSVIAVGAVDSSNQRASFSSVGPELDVMAPGVSIQSTLPGNKYGAYNGTSMASPHVAGAAALILSKHPNWTNTQVRSSLENTTTKLGDSFYYGKGLINVQAAAQ,-0.262664309476493,S33D,-7.112225688175144
57,N62D,0.188,49,,25,suceinyl-AAPF-pNa,Subtilisin BPNâ²,Designing subtilisin BPN? to cleave substrates containing dibasic residues,https://pubmed.ncbi.nlm.nih.gov/7577915/,AQSVPYGVSQIKAPALHSQGYTGSNVKVAVIDSGIDSSHPDLKVAGGASMVPSETNPFQDNDSHGTHVAGTVAALNNSIGVLGVAPSASLYAVKVLGADGSGQYSWIINGIEWAIANNMDVINMSLGGPSGSAALKAAVDKAVASGVVVVAAAGNEGTSGSSSTVGYPGKYPSVIAVGAVDSSNQRASFSSVGPELDVMAPGVSIQSTLPGNKYGAYNGTSMASPHVAGAAALILSKHPNWTNTQVRSSLENTTTKLGDSFYYGKGLINVQAAAQ,-1.6713133161521878,N62D,-1.9767985542728435
58,S33D/N62D,0.227,59,,25,suceinyl-AAPF-pNa,Subtilisin BPNâ²,Designing subtilisin BPN? to cleave substrates containing dibasic residues,https://pubmed.ncbi.nlm.nih.gov/7577915/,AQSVPYGVSQIKAPALHSQGYTGSNVKVAVIDDGIDSSHPDLKVAGGASMVPSETNPFQDNDSHGTHVAGTVAALNNSIGVLGVAPSASLYAVKVLGADGSGQYSWIINGIEWAIANNMDVINMSLGGPSGSAALKAAVDKAVASGVVVVAAAGNEGTSGSSSTVGYPGKYPSVIAVGAVDSSNQRASFSSVGPELDVMAPGVSIQSTLPGNKYGAYNGTSMASPHVAGAAALILSKHPNWTNTQVRSSLENTTTKLGDSFYYGKGLINVQAAAQ,-1.4828052615007343,S33D/N62D,-9.089024242447987
59,wild-type,1.0,250,,25,N-succinyl-L-AAPF-p-nitroanilide,Subtilisin BPNâ²,Dissecting the catalytic triad of a serine protease,https://www.nature.com/articles/332564a0,AQSVPYGVSQIKAPALHSQGYTGSNVKVAVIDSGIDSSHPDLKVAGGASMVPSETNPFQDNNSHGTHVAGTVAALNNSIGVLGVAPSASLYAVKVLGADGSGQYSWIINGIEWAIANNMDVINMSLGGPSGSAALKAAVDKAVASGVVVVAAAGNEGTSGSSSTVGYPGKYPSVIAVGAVDSSNQRASFSSVGPELDVMAPGVSIQSTLPGNKYGAYNGTSMASPHVAGAAALILSKHPNWTNTQVRSSLENTTTKLGDSFYYGKGLINVQAAAQ,0.0,,0.0
60,S24C,1.08,270,,25,N-succinyl-L-AAPF-p-nitroanilide,Subtilisin BPNâ²,Dissecting the catalytic triad of a serine protease,https://www.nature.com/articles/332564a1,AQSVPYGVSQIKAPALHSQGYTGCNVKVAVIDSGIDSSHPDLKVAGGASMVPSETNPFQDNNSHGTHVAGTVAALNNSIGVLGVAPSASLYAVKVLGADGSGQYSWIINGIEWAIANNMDVINMSLGGPSGSAALKAAVDKAVASGVVVVAAAGNEGTSGSSSTVGYPGKYPSVIAVGAVDSSNQRASFSSVGPELDVMAPGVSIQSTLPGNKYGAYNGTSMASPHVAGAAALILSKHPNWTNTQVRSSLENTTTKLGDSFYYGKGLINVQAAAQ,0.0769610411361284,S24C,-4.5081346837340295
61,S24C/S221A ,0.0,8.20E-05,,25,N-succinyl-L-AAPF-p-nitroanilide,Subtilisin BPNâ²,Dissecting the catalytic triad of a serine protease,https://www.nature.com/articles/332564a2,AQSVPYGVSQIKAPALHSQGYTGCNVKVAVIDSGIDSSHPDLKVAGGASMVPSETNPFQDNNSHGTHVAGTVAALNNSIGVLGVAPSASLYAVKVLGADGSGQYSWIINGIEWAIANNMDVINMSLGGPSGSAALKAAVDKAVASGVVVVAAAGNEGTSGSSSTVGYPGKYPSVIAVGAVDSSNQRASFSSVGPELDVMAPGVSIQSTLPGNKYGAYNGTAMASPHVAGAAALILSKHPNWTNTQVRSSLENTTTKLGDSFYYGKGLINVQAAAQ,-10.0,S24C/S221A,-6.156972657250856
62,S24C/H64A ,0.0,9.60E-04,,25,N-succinyl-L-AAPF-p-nitroanilide,Subtilisin BPNâ²,Dissecting the catalytic triad of a serine protease,https://www.nature.com/articles/332564a3,AQSVPYGVSQIKAPALHSQGYTGCNVKVAVIDSGIDSSHPDLKVAGGASMVPSETNPFQDNNSAGTHVAGTVAALNNSIGVLGVAPSASLYAVKVLGADGSGQYSWIINGIEWAIANNMDVINMSLGGPSGSAALKAAVDKAVASGVVVVAAAGNEGTSGSSSTVGYPGKYPSVIAVGAVDSSNQRASFSSVGPELDVMAPGVSIQSTLPGNKYGAYNGTSMASPHVAGAAALILSKHPNWTNTQVRSSLENTTTKLGDSFYYGKGLINVQAAAQ,-10.0,S24C/H64A,-22.55064560626937
63,S24C/D32A,0.0,4.70E-03,,25,N-succinyl-L-AAPF-p-nitroanilide,Subtilisin BPNâ²,Dissecting the catalytic triad of a serine protease,https://www.nature.com/articles/332564a4,AQSVPYGVSQIKAPALHSQGYTGCNVKVAVIASGIDSSHPDLKVAGGASMVPSETNPFQDNNSHGTHVAGTVAALNNSIGVLGVAPSASLYAVKVLGADGSGQYSWIINGIEWAIANNMDVINMSLGGPSGSAALKAAVDKAVASGVVVVAAAGNEGTSGSSSTVGYPGKYPSVIAVGAVDSSNQRASFSSVGPELDVMAPGVSIQSTLPGNKYGAYNGTSMASPHVAGAAALILSKHPNWTNTQVRSSLENTTTKLGDSFYYGKGLINVQAAAQ,-10.0,S24C/D32A,-8.969574049701478
64,S24C/D32A/H64A ,0.0,9.40E-04,,25,N-succinyl-L-AAPF-p-nitroanilide,Subtilisin BPNâ²,Dissecting the catalytic triad of a serine protease,https://www.nature.com/articles/332564a5,AQSVPYGVSQIKAPALHSQGYTGCNVKVAVIASGIDSSHPDLKVAGGASMVPSETNPFQDNNSAGTHVAGTVAALNNSIGVLGVAPSASLYAVKVLGADGSGQYSWIINGIEWAIANNMDVINMSLGGPSGSAALKAAVDKAVASGVVVVAAAGNEGTSGSSSTVGYPGKYPSVIAVGAVDSSNQRASFSSVGPELDVMAPGVSIQSTLPGNKYGAYNGTSMASPHVAGAAALILSKHPNWTNTQVRSSLENTTTKLGDSFYYGKGLINVQAAAQ,-10.0,S24C/D32A/H64A,-27.012084972236817
65,S24C/H64A/S221A ,0.0,9.60E-05,,25,N-succinyl-L-AAPF-p-nitroanilide,Subtilisin BPNâ²,Dissecting the catalytic triad of a serine protease,https://www.nature.com/articles/332564a6,AQSVPYGVSQIKAPALHSQGYTGCNVKVAVIDSGIDSSHPDLKVAGGASMVPSETNPFQDNNSAGTHVAGTVAALNNSIGVLGVAPSASLYAVKVLGADGSGQYSWIINGIEWAIANNMDVINMSLGGPSGSAALKAAVDKAVASGVVVVAAAGNEGTSGSSSTVGYPGKYPSVIAVGAVDSSNQRASFSSVGPELDVMAPGVSIQSTLPGNKYGAYNGTAMASPHVAGAAALILSKHPNWTNTQVRSSLENTTTKLGDSFYYGKGLINVQAAAQ,-10.0,S24C/H64A/S221A,-24.199483579786197
66,S24C/D32A/S221A,0.0,9.20E-05,,25,N-succinyl-L-AAPF-p-nitroanilide,Subtilisin BPNâ²,Dissecting the catalytic triad of a serine protease,https://www.nature.com/articles/332564a7,AQSVPYGVSQIKAPALHSQGYTGCNVKVAVIASGIDSSHPDLKVAGGASMVPSETNPFQDNNSHGTHVAGTVAALNNSIGVLGVAPSASLYAVKVLGADGSGQYSWIINGIEWAIANNMDVINMSLGGPSGSAALKAAVDKAVASGVVVVAAAGNEGTSGSSSTVGYPGKYPSVIAVGAVDSSNQRASFSSVGPELDVMAPGVSIQSTLPGNKYGAYNGTAMASPHVAGAAALILSKHPNWTNTQVRSSLENTTTKLGDSFYYGKGLINVQAAAQ,-10.0,S24C/D32A/S221A,-10.618412023218305
67,S24C/D32A/H64A/S221A,0.0,1.30E-04,,25,N-succinyl-L-AAPF-p-nitroanilide,Subtilisin BPNâ²,Dissecting the catalytic triad of a serine protease,https://www.nature.com/articles/332564a8,AQSVPYGVSQIKAPALHSQGYTGCNVKVAVIASGIDSSHPDLKVAGGASMVPSETNPFQDNNSAGTHVAGTVAALNNSIGVLGVAPSASLYAVKVLGADGSGQYSWIINGIEWAIANNMDVINMSLGGPSGSAALKAAVDKAVASGVVVVAAAGNEGTSGSSSTVGYPGKYPSVIAVGAVDSSNQRASFSSVGPELDVMAPGVSIQSTLPGNKYGAYNGTAMASPHVAGAAALILSKHPNWTNTQVRSSLENTTTKLGDSFYYGKGLINVQAAAQ,-10.0,S24C/D32A/H64A/S221A,-28.660922945753644
68,wild-type,1.0,233,,25,succinyl-AAPF-pNA,Subtilisin BPNâ²,Engineering a novel specificity in subtilisin BPN?,https://pubs.acs.org/doi/pdf/10.1021/bi00056a001,AQSVPYGVSQIKAPALHSQGYTGSNVKVAVIDSGIDSSHPDLKVAGGASMVPSETNPFQDNNSHGTHVAGTVAALNNSIGVLGVAPSASLYAVKVLGADGSGQYSWIINGIEWAIANNMDVINMSLGGPSGSAALKAAVDKAVASGVVVVAAAGNEGTSGSSSTVGYPGKYPSVIAVGAVDSSNQRASFSSVGPELDVMAPGVSIQSTLPGNKYGAYNGTSMASPHVAGAAALILSKHPNWTNTQVRSSLENTTTKLGDSFYYGKGLINVQAAAQ,0.0,,0.0
69,Y104F,0.734,171,,25,succinyl-AAPF-pNA,Subtilisin BPNâ²,Engineering a novel specificity in subtilisin BPN?,https://pubs.acs.org/doi/pdf/10.1021/bi00056a002,AQSVPYGVSQIKAPALHSQGYTGSNVKVAVIDSGIDSSHPDLKVAGGASMVPSETNPFQDNNSHGTHVAGTVAALNNSIGVLGVAPSASLYAVKVLGADGSGQFSWIINGIEWAIANNMDVINMSLGGPSGSAALKAAVDKAVASGVVVVAAAGNEGTSGSSSTVGYPGKYPSVIAVGAVDSSNQRASFSSVGPELDVMAPGVSIQSTLPGNKYGAYNGTSMASPHVAGAAALILSKHPNWTNTQVRSSLENTTTKLGDSFYYGKGLINVQAAAQ,-0.3092462503676215,Y104F,-3.3386373279746335
70,I107V,1.103,257,,25,succinyl-AAPF-pNA,Subtilisin BPNâ²,Engineering a novel specificity in subtilisin BPN?,https://pubs.acs.org/doi/pdf/10.1021/bi00056a003,AQSVPYGVSQIKAPALHSQGYTGSNVKVAVIDSGIDSSHPDLKVAGGASMVPSETNPFQDNNSHGTHVAGTVAALNNSIGVLGVAPSASLYAVKVLGADGSGQYSWVINGIEWAIANNMDVINMSLGGPSGSAALKAAVDKAVASGVVVVAAAGNEGTSGSSSTVGYPGKYPSVIAVGAVDSSNQRASFSSVGPELDVMAPGVSIQSTLPGNKYGAYNGTSMASPHVAGAAALILSKHPNWTNTQVRSSLENTTTKLGDSFYYGKGLINVQAAAQ,0.0980337402713654,I107V,-3.497543421717299
71,I107A,0.142,33,,25,succinyl-AAPF-pNA,Subtilisin BPNâ²,Engineering a novel specificity in subtilisin BPN?,https://pubs.acs.org/doi/pdf/10.1021/bi00056a004,AQSVPYGVSQIKAPALHSQGYTGSNVKVAVIDSGIDSSHPDLKVAGGASMVPSETNPFQDNNSHGTHVAGTVAALNNSIGVLGVAPSASLYAVKVLGADGSGQYSWAINGIEWAIANNMDVINMSLGGPSGSAALKAAVDKAVASGVVVVAAAGNEGTSGSSSTVGYPGKYPSVIAVGAVDSSNQRASFSSVGPELDVMAPGVSIQSTLPGNKYGAYNGTSMASPHVAGAAALILSKHPNWTNTQVRSSLENTTTKLGDSFYYGKGLINVQAAAQ,-1.9519282213808764,I107A,-16.33344079756071
72,I107G,0.006,1.4,,25,succinyl-AAPF-pNA,Subtilisin BPNâ²,Engineering a novel specificity in subtilisin BPN?,https://pubs.acs.org/doi/pdf/10.1021/bi00056a005,AQSVPYGVSQIKAPALHSQGYTGSNVKVAVIDSGIDSSHPDLKVAGGASMVPSETNPFQDNNSHGTHVAGTVAALNNSIGVLGVAPSASLYAVKVLGADGSGQYSWGINGIEWAIANNMDVINMSLGGPSGSAALKAAVDKAVASGVVVVAAAGNEGTSGSSSTVGYPGKYPSVIAVGAVDSSNQRASFSSVGPELDVMAPGVSIQSTLPGNKYGAYNGTSMASPHVAGAAALILSKHPNWTNTQVRSSLENTTTKLGDSFYYGKGLINVQAAAQ,-5.115995809754082,I107G,-19.146669604469796
73,wild-type,1.0,250,,25,s-AAPF-pNA,Subtilisin BPN',Engineering subtilisin and its substrates for efficient ligation of peptide bonds in aqueous solution,https://pubs.acs.org/doi/pdf/10.1021/bi00231a007,AQSVPYGVSQIKAPALHSQGYTGSNVKVAVIDSGIDSSHPDLKVAGGASMVPSETNPFQDNNSHGTHVAGTVAALNNSIGVLGVAPSASLYAVKVLGADGSGQYSWIINGIEWAIANNMDVINMSLGGPSGSAALKAAVDKAVASGVVVVAAAGNEGTSGSSSTVGYPGKYPSVIAVGAVDSSNQRASFSSVGPELDVMAPGVSIQSTLPGNKYGAYNGTSMASPHVAGAAALILSKHPNWTNTQVRSSLENTTTKLGDSFYYGKGLINVQAAAQ,0.0,,0.0
74,P225A,0.021,5.2,,25,s-AAPF-pNA,Subtilisin BPN',Engineering subtilisin and its substrates for efficient ligation of peptide bonds in aqueous solution,https://pubs.acs.org/doi/pdf/10.1021/bi00231a008,AQSVPYGVSQIKAPALHSQGYTGSNVKVAVIDSGIDSSHPDLKVAGGASMVPSETNPFQDNNSHGTHVAGTVAALNNSIGVLGVAPSASLYAVKVLGADGSGQYSWIINGIEWAIANNMDVINMSLGGPSGSAALKAAVDKAVASGVVVVAAAGNEGTSGSSSTVGYPGKYPSVIAVGAVDSSNQRASFSSVGPELDVMAPGVSIQSTLPGNKYGAYNGTSMASAHVAGAAALILSKHPNWTNTQVRSSLENTTTKLGDSFYYGKGLINVQAAAQ,-3.863232841258714,P225A,-11.78418800063512
75,S221C,0.0,2.70E-03,,25,s-AAPF-pNA,Subtilisin BPN',Engineering subtilisin and its substrates for efficient ligation of peptide bonds in aqueous solution,https://pubs.acs.org/doi/pdf/10.1021/bi00231a009,AQSVPYGVSQIKAPALHSQGYTGSNVKVAVIDSGIDSSHPDLKVAGGASMVPSETNPFQDNNSHGTHVAGTVAALNNSIGVLGVAPSASLYAVKVLGADGSGQYSWIINGIEWAIANNMDVINMSLGGPSGSAALKAAVDKAVASGVVVVAAAGNEGTSGSSSTVGYPGKYPSVIAVGAVDSSNQRASFSSVGPELDVMAPGVSIQSTLPGNKYGAYNGTCMASPHVAGAAALILSKHPNWTNTQVRSSLENTTTKLGDSFYYGKGLINVQAAAQ,-10.0,S221C,-1.3764082827092088
76,S221C/P225A,0.0,nd,,25,s-AAPF-pNA,Subtilisin BPN',Engineering subtilisin and its substrates for efficient ligation of peptide bonds in aqueous solution,https://pubs.acs.org/doi/pdf/10.1021/bi00231a010,AQSVPYGVSQIKAPALHSQGYTGSNVKVAVIDSGIDSSHPDLKVAGGASMVPSETNPFQDNNSHGTHVAGTVAALNNSIGVLGVAPSASLYAVKVLGADGSGQYSWIINGIEWAIANNMDVINMSLGGPSGSAALKAAVDKAVASGVVVVAAAGNEGTSGSSSTVGYPGKYPSVIAVGAVDSSNQRASFSSVGPELDVMAPGVSIQSTLPGNKYGAYNGTCMASAHVAGAAALILSKHPNWTNTQVRSSLENTTTKLGDSFYYGKGLINVQAAAQ,-10.0,S221C/P225A,-13.16059628334433
77,wild-type,1.0,260,,25,AAPF,Subtilisin BPN',Furilisin: a variant of subtilisin BPN? engineered for cleaving tribasic substrates,https://pubs.acs.org/doi/abs/10.1021/bi961543h,AQSVPYGVSQIKAPALHSQGYTGSNVKVAVIDSGIDSSHPDLKVAGGASMVPSETNPFQDNNSHGTHVAGTVAALNNSIGVLGVAPSASLYAVKVLGADGSGQYSWIINGIEWAIANNMDVINMSLGGPSGSAALKAAVDKAVASGVVVVAAAGNEGTSGSSSTVGYPGKYPSVIAVGAVDSSNQRASFSSVGPELDVMAPGVSIQSTLPGNKYGAYNGTSMASPHVAGAAALILSKHPNWTNTQVRSSLENTTTKLGDSFYYGKGLINVQAAAQ,0.0,,0.0
78,G166D,0.011,2.8,,25,AAPF,Subtilisin BPN',Furilisin: a variant of subtilisin BPN? engineered for cleaving tribasic substrates,https://pubs.acs.org/doi/abs/10.1021/bi961543h,AQSVPYGVSQIKAPALHSQGYTGSNVKVAVIDSGIDSSHPDLKVAGGASMVPSETNPFQDNNSHGTHVAGTVAALNNSIGVLGVAPSASLYAVKVLGADGSGQYSWIINGIEWAIANNMDVINMSLGGPSGSAALKAAVDKAVASGVVVVAAAGNEGTSGSSSTVDYPGKYPSVIAVGAVDSSNQRASFSSVGPELDVMAPGVSIQSTLPGNKYGAYNGTSMASPHVAGAAALILSKHPNWTNTQVRSSLENTTTKLGDSFYYGKGLINVQAAAQ,-4.509860006183766,G166D,-23.7952087463423
79,N62D/G166D,0.007,1.9,,25,AAPF,Subtilisin BPN',Furilisin: a variant of subtilisin BPN? engineered for cleaving tribasic substrates,https://pubs.acs.org/doi/abs/10.1021/bi961543h,AQSVPYGVSQIKAPALHSQGYTGSNVKVAVIDSGIDSSHPDLKVAGGASMVPSETNPFQDNDSHGTHVAGTVAALNNSIGVLGVAPSASLYAVKVLGADGSGQYSWIINGIEWAIANNMDVINMSLGGPSGSAALKAAVDKAVASGVVVVAAAGNEGTSGSSSTVDYPGKYPSVIAVGAVDSSNQRASFSSVGPELDVMAPGVSIQSTLPGNKYGAYNGTSMASPHVAGAAALILSKHPNWTNTQVRSSLENTTTKLGDSFYYGKGLINVQAAAQ,-4.961845129926823,N62D/G166D,-25.772007300615144
80,N62D/Y104D/G166D,0.0,8.00E-03,,25,AAPF,Subtilisin BPN',Furilisin: a variant of subtilisin BPN? engineered for cleaving tribasic substrates,https://pubs.acs.org/doi/abs/10.1021/bi961543h,AQSVPYGVSQIKAPALHSQGYTGSNVKVAVIDSGIDSSHPDLKVAGGASMVPSETNPFQDNDSHGTHVAGTVAALNNSIGVLGVAPSASLYAVKVLGADGSGQDSWIINGIEWAIANNMDVINMSLGGPSGSAALKAAVDKAVASGVVVVAAAGNEGTSGSSSTVDYPGKYPSVIAVGAVDSSNQRASFSSVGPELDVMAPGVSIQSTLPGNKYGAYNGTSMASPHVAGAAALILSKHPNWTNTQVRSSLENTTTKLGDSFYYGKGLINVQAAAQ,-10.0,N62D/Y104D/G166D,-41.90350100804481
81,wild-type,1.0,350,,25,AAPF,Subtilisin BPN',Improvement of a useful enzyme (subtilisin BPN') by an experimental evolution system,https://link.springer.com/article/10.1007/BF00186966,AQSVPYGVSQIKAPALHSQGYTGSNVKVAVIDSGIDSSHPDLKVAGGASMVPSETNPFQDNNSHGTHVAGTVAALNNSIGVLGVAPSASLYAVKVLGADGSGQYSWIINGIEWAIANNMDVINMSLGGPSGSAALKAAVDKAVASGVVVVAAAGNEGTSGSSSTVGYPGKYPSVIAVGAVDSSNQRASFSSVGPELDVMAPGVSIQSTLPGNKYGAYNGTSMASPHVAGAAALILSKHPNWTNTQVRSSLENTTTKLGDSFYYGKGLINVQAAAQ,0.0,,0.0
82,G131D,1.429,500,,25,AAPF,Subtilisin BPN',Improvement of a useful enzyme (subtilisin BPN') by an experimental evolution system,https://link.springer.com/article/10.1007/BF00186967,AQSVPYGVSQIKAPALHSQGYTGSNVKVAVIDSGIDSSHPDLKVAGGASMVPSETNPFQDNNSHGTHVAGTVAALNNSIGVLGVAPSASLYAVKVLGADGSGQYSWIINGIEWAIANNMDVINMSLGGPSDSAALKAAVDKAVASGVVVVAAAGNEGTSGSSSTVGYPGKYPSVIAVGAVDSSNQRASFSSVGPELDVMAPGVSIQSTLPGNKYGAYNGTSMASPHVAGAAALILSKHPNWTNTQVRSSLENTTTKLGDSFYYGKGLINVQAAAQ,0.3569748989477304,G131D,-19.22930141398106
83,D197N,0.686,240,,25,AAPF,Subtilisin BPN',Improvement of a useful enzyme (subtilisin BPN') by an experimental evolution system,https://link.springer.com/article/10.1007/BF00186968,AQSVPYGVSQIKAPALHSQGYTGSNVKVAVIDSGIDSSHPDLKVAGGASMVPSETNPFQDNNSHGTHVAGTVAALNNSIGVLGVAPSASLYAVKVLGADGSGQYSWIINGIEWAIANNMDVINMSLGGPSGSAALKAAVDKAVASGVVVVAAAGNEGTSGSSSTVGYPGKYPSVIAVGAVDSSNQRASFSSVGPELNVMAPGVSIQSTLPGNKYGAYNGTSMASPHVAGAAALILSKHPNWTNTQVRSSLENTTTKLGDSFYYGKGLINVQAAAQ,-0.3768776512562517,D197N,-2.0244855317488177
84,T-28I/G131D/D197N ,1.029,360,,25,AAPF,Subtilisin BPN',Improvement of a useful enzyme (subtilisin BPN') by an experimental evolution system,https://link.springer.com/article/10.1007/BF00186969,AQSVPYGVSQIKAPALHSQGYTGSNVKVAVIDSGIDSSHPDLKVAGGASMVPSETNPFQDNNSHGTHVAGTVAALNNSIGVLGVAPSASLYAVKVLGADGSGQYSWIINGIEWAIANNMDVINMSLGGPSDSAALKAAVDKAVASGVVVVAAAGNEGTSGSSSTVGYPGKYPSVIAVGAVDSSNQRASFSSVGPELNVMAPGVSIQSTLPGNKYGAYNGTSMASPHVAGAAALILSKHPNWTNTQVRSSLENTTTKLGDSFYYGKGLINVQAAAQ,0.0285874568519124,G131D/D197N,-21.25378694572988
85,wild-type ,,230,,25,sAAPFpNA,Subtilisin BPN',Protein engineering of the high-alkaline serine protease PB92 from Bacillus alcalophilus: functional and structural consequences of mutation at the S4 substrate binding pocket,https://academic.oup.com/peds/article/5/5/413/1545451?login=true,AQSVPYGVSQIKAPALHSQGYTGSNVKVAVIDSGIDSSHPDLKVAGGASMVPSETNPFQDNNSHGTHVAGTVAALNNSIGVLGVAPSASLYAVKVLGADGSGQYSWIINGIEWAIANNMDVINMSLGGPSGSAALKAAVDKAVASGVVVVAAAGNEGTSGSSSTVGYPGKYPSVIAVGAVDSSNQRASFSSVGPELDVMAPGVSIQSTLPGNKYGAYNGTSMASPHVAGAAALILSKHPNWTNTQVRSSLENTTTKLGDSFYYGKGLINVQAAAQ,-10.0,,0.0
86,wild-type ,1.0,360,,25,succinyl-AAPF-p-nitroanilide,Subtilisin BPN',Recruitment of substrate-specificity properties from one enzyme into a related one by protein engineering,https://www.pnas.org/doi/abs/10.1073/pnas.84.15.5167,AQSVPYGVSQIKAPALHSQGYTGSNVKVAVIDSGIDSSHPDLKVAGGASMVPSETNPFQDNNSHGTHVAGTVAALNNSIGVLGVAPSASLYAVKVLGADGSGQYSWIINGIEWAIANNMDVINMSLGGPSGSAALKAAVDKAVASGVVVVAAAGNEGTSGSSSTVGYPGKYPSVIAVGAVDSSNQRASFSSVGPELDVMAPGVSIQSTLPGNKYGAYNGTSMASPHVAGAAALILSKHPNWTNTQVRSSLENTTTKLGDSFYYGKGLINVQAAAQ,0.0,,0.0
87,E156S,2.778,1000,,25,succinyl-AAPF-p-nitroanilide,Subtilisin BPN',Recruitment of substrate-specificity properties from one enzyme into a related one by protein engineering,https://www.pnas.org/doi/abs/10.1073/pnas.84.15.5168,AQSVPYGVSQIKAPALHSQGYTGSNVKVAVIDSGIDSSHPDLKVAGGASMVPSETNPFQDNNSHGTHVAGTVAALNNSIGVLGVAPSASLYAVKVLGADGSGQYSWIINGIEWAIANNMDVINMSLGGPSGSAALKAAVDKAVASGVVVVAAAGNSGTSGSSSTVGYPGKYPSVIAVGAVDSSNQRASFSSVGPELDVMAPGVSIQSTLPGNKYGAYNGTSMASPHVAGAAALILSKHPNWTNTQVRSSLENTTTKLGDSFYYGKGLINVQAAAQ,1.021731244332152,E156S,3.5837722086337487
88,Y217L,1.639,590,,25,succinyl-AAPF-p-nitroanilide,Subtilisin BPN',Recruitment of substrate-specificity properties from one enzyme into a related one by protein engineering,https://www.pnas.org/doi/abs/10.1073/pnas.84.15.5169,AQSVPYGVSQIKAPALHSQGYTGSNVKVAVIDSGIDSSHPDLKVAGGASMVPSETNPFQDNNSHGTHVAGTVAALNNSIGVLGVAPSASLYAVKVLGADGSGQYSWIINGIEWAIANNMDVINMSLGGPSGSAALKAAVDKAVASGVVVVAAAGNEGTSGSSSTVGYPGKYPSVIAVGAVDSSNQRASFSSVGPELDVMAPGVSIQSTLPGNKYGALNGTSMASPHVAGAAALILSKHPNWTNTQVRSSLENTTTKLGDSFYYGKGLINVQAAAQ,0.4940862997616926,Y217L,-8.842698871446336
89,G169A,3.056,1100,,25,succinyl-AAPF-p-nitroanilide,Subtilisin BPN',Recruitment of substrate-specificity properties from one enzyme into a related one by protein engineering,https://www.pnas.org/doi/abs/10.1073/pnas.84.15.5170,AQSVPYGVSQIKAPALHSQGYTGSNVKVAVIDSGIDSSHPDLKVAGGASMVPSETNPFQDNNSHGTHVAGTVAALNNSIGVLGVAPSASLYAVKVLGADGSGQYSWIINGIEWAIANNMDVINMSLGGPSGSAALKAAVDKAVASGVVVVAAAGNEGTSGSSSTVGYPAKYPSVIAVGAVDSSNQRASFSSVGPELDVMAPGVSIQSTLPGNKYGAYNGTSMASPHVAGAAALILSKHPNWTNTQVRSSLENTTTKLGDSFYYGKGLINVQAAAQ,1.117106871304274,G169A,2.8770418785043
90,E156S/Y217L,4.167,1500,,25,succinyl-AAPF-p-nitroanilide,Subtilisin BPN',Recruitment of substrate-specificity properties from one enzyme into a related one by protein engineering,https://www.pnas.org/doi/abs/10.1073/pnas.84.15.5171,AQSVPYGVSQIKAPALHSQGYTGSNVKVAVIDSGIDSSHPDLKVAGGASMVPSETNPFQDNNSHGTHVAGTVAALNNSIGVLGVAPSASLYAVKVLGADGSGQYSWIINGIEWAIANNMDVINMSLGGPSGSAALKAAVDKAVASGVVVVAAAGNSGTSGSSSTVGYPGKYPSVIAVGAVDSSNQRASFSSVGPELDVMAPGVSIQSTLPGNKYGALNGTSMASPHVAGAAALILSKHPNWTNTQVRSSLENTTTKLGDSFYYGKGLINVQAAAQ,1.4271963524403164,E156S/Y217L,-5.258926662812588
91,E156S/G169A/Y217L,7.222,2600,,25,succinyl-AAPF-p-nitroanilide,Subtilisin BPN',Recruitment of substrate-specificity properties from one enzyme into a related one by protein engineering,https://www.pnas.org/doi/abs/10.1073/pnas.84.15.5172,AQSVPYGVSQIKAPALHSQGYTGSNVKVAVIDSGIDSSHPDLKVAGGASMVPSETNPFQDNNSHGTHVAGTVAALNNSIGVLGVAPSASLYAVKVLGADGSGQYSWIINGIEWAIANNMDVINMSLGGPSGSAALKAAVDKAVASGVVVVAAAGNSGTSGSSSTVGYPAKYPSVIAVGAVDSSNQRASFSSVGPELDVMAPGVSIQSTLPGNKYGALNGTSMASPHVAGAAALILSKHPNWTNTQVRSSLENTTTKLGDSFYYGKGLINVQAAAQ,1.977131922855266,E156S/G169A/Y217L,-2.381884784308287
92,K213E/A216E,1.058,400,,25,sAAPF-pNA,Subtilisin BPN',Subtilisin BPN? variants: increased hydrolytic activity on surface-bound sub- strates via decreased surface activity,https://pubs.acs.org/doi/abs/10.1021/bi951990h,AQSVPYGVSQIKAPALHSQGYTGSNVKVAVIDSGIDSSHPDLKVAGGASMVPSETNPFQDNNSHGTHVAGTVAALNNSIGVLGVAPSASLYAVKVLGADGSGQYSWIINGIEWAIANNMDVINMSLGGPSGSAALKAAVDKAVASGVVVVAAAGNEGTSGSSSTVGYPGKYPSVIAVGAVDSSNQRASFSSVGPELDVMAPGVSIQSTLPGNEYGEYNGTSMASPHVAGAAALILSKHPNWTNTQVRSSLENTTTKLGDSFYYGKGLINVQAAAQ,0.0563803334361076,K213E/A216E,-15.658871881874507
93,K213E/Y217L,1.585,599.0,,25,sAAPF-pNA,Subtilisin BPN',Subtilisin BPN? variants: increased hydrolytic activity on surface-bound sub- strates via decreased surface activity,https://pubs.acs.org/doi/abs/10.1021/bi951990h,AQSVPYGVSQIKAPALHSQGYTGSNVKVAVIDSGIDSSHPDLKVAGGASMVPSETNPFQDNNSHGTHVAGTVAALNNSIGVLGVAPSASLYAVKVLGADGSGQYSWIINGIEWAIANNMDVINMSLGGPSGSAALKAAVDKAVASGVVVVAAAGNEGTSGSSSTVGYPGKYPSVIAVGAVDSSNQRASFSSVGPELDVMAPGVSIQSTLPGNEYGALNGTSMASPHVAGAAALILSKHPNWTNTQVRSSLENTTTKLGDSFYYGKGLINVQAAAQ,0.4605844073292439,K213E/Y217L,-10.984953236744918
94,A216E,1.124,425,,25,sAAPF-pNA,Subtilisin BPN',Subtilisin BPN? variants: increased hydrolytic activity on surface-bound sub- strates via decreased surface activity,https://pubs.acs.org/doi/abs/10.1021/bi951990h,AQSVPYGVSQIKAPALHSQGYTGSNVKVAVIDSGIDSSHPDLKVAGGASMVPSETNPFQDNNSHGTHVAGTVAALNNSIGVLGVAPSASLYAVKVLGADGSGQYSWIINGIEWAIANNMDVINMSLGGPSGSAALKAAVDKAVASGVVVVAAAGNEGTSGSSSTVGYPGKYPSVIAVGAVDSSNQRASFSSVGPELDVMAPGVSIQSTLPGNKYGEYNGTSMASPHVAGAAALILSKHPNWTNTQVRSSLENTTTKLGDSFYYGKGLINVQAAAQ,0.1168937514714994,A216E,-13.516617516575925
95,Q206P/G211A/A216E,0.921,348,,25,sAAPF-pNA,Subtilisin BPN',Subtilisin BPN? variants: increased hydrolytic activity on surface-bound sub- strates via decreased surface activity,https://pubs.acs.org/doi/abs/10.1021/bi951990h,AQSVPYGVSQIKAPALHSQGYTGSNVKVAVIDSGIDSSHPDLKVAGGASMVPSETNPFQDNNSHGTHVAGTVAALNNSIGVLGVAPSASLYAVKVLGADGSGQYSWIINGIEWAIANNMDVINMSLGGPSGSAALKAAVDKAVASGVVVVAAAGNEGTSGSSSTVGYPGKYPSVIAVGAVDSSNQRASFSSVGPELDVMAPGVSIPSTLPANKYGEYNGTSMASPHVAGAAALILSKHPNWTNTQVRSSLENTTTKLGDSFYYGKGLINVQAAAQ,-0.0822952427268301,Q206P/G211A/A216E,-35.7210682904952
96,Y217M,1.765,667,,25,sAAPF-pNA,Subtilisin BPN',Subtilisin BPN? variants: increased hydrolytic activity on surface-bound sub- strates via decreased surface activity,https://pubs.acs.org/doi/abs/10.1021/bi951990h,AQSVPYGVSQIKAPALHSQGYTGSNVKVAVIDSGIDSSHPDLKVAGGASMVPSETNPFQDNNSHGTHVAGTVAALNNSIGVLGVAPSASLYAVKVLGADGSGQYSWIINGIEWAIANNMDVINMSLGGPSGSAALKAAVDKAVASGVVVVAAAGNEGTSGSSSTVGYPGKYPSVIAVGAVDSSNQRASFSSVGPELDVMAPGVSIQSTLPGNKYGAMNGTSMASPHVAGAAALILSKHPNWTNTQVRSSLENTTTKLGDSFYYGKGLINVQAAAQ,0.56815069038526,Y217M,-6.17748601333169
97,Q206E,1.272,481,,25,sAAPF-pNA,Subtilisin BPN',Subtilisin BPN? variants: increased hydrolytic activity on surface-bound sub- strates via decreased surface activity,https://pubs.acs.org/doi/abs/10.1021/bi951990h,AQSVPYGVSQIKAPALHSQGYTGSNVKVAVIDSGIDSSHPDLKVAGGASMVPSETNPFQDNNSHGTHVAGTVAALNNSIGVLGVAPSASLYAVKVLGADGSGQYSWIINGIEWAIANNMDVINMSLGGPSGSAALKAAVDKAVASGVVVVAAAGNEGTSGSSSTVGYPGKYPSVIAVGAVDSSNQRASFSSVGPELDVMAPGVSIESTLPGNKYGAYNGTSMASPHVAGAAALILSKHPNWTNTQVRSSLENTTTKLGDSFYYGKGLINVQAAAQ,0.2405904649179304,Q206E,1.0016735124247766
98,Y217L,1.455,550,,25,sAAPF-pNA,Subtilisin BPN',Subtilisin BPN? variants: increased hydrolytic activity on surface-bound sub- strates via decreased surface activity,https://pubs.acs.org/doi/abs/10.1021/bi951990h,AQSVPYGVSQIKAPALHSQGYTGSNVKVAVIDSGIDSSHPDLKVAGGASMVPSETNPFQDNNSHGTHVAGTVAALNNSIGVLGVAPSASLYAVKVLGADGSGQYSWIINGIEWAIANNMDVINMSLGGPSGSAALKAAVDKAVASGVVVVAAAGNEGTSGSSSTVGYPGKYPSVIAVGAVDSSNQRASFSSVGPELDVMAPGVSIQSTLPGNKYGALNGTSMASPHVAGAAALILSKHPNWTNTQVRSSLENTTTKLGDSFYYGKGLINVQAAAQ,0.3750059006234559,Y217L,-8.842698871446336
99,K213E,0.899,340,,25,sAAPF-pNA,Subtilisin BPN',Subtilisin BPN? variants: increased hydrolytic activity on surface-bound sub- strates via decreased surface activity,https://pubs.acs.org/doi/abs/10.1021/bi951990h,AQSVPYGVSQIKAPALHSQGYTGSNVKVAVIDSGIDSSHPDLKVAGGASMVPSETNPFQDNNSHGTHVAGTVAALNNSIGVLGVAPSASLYAVKVLGADGSGQYSWIINGIEWAIANNMDVINMSLGGPSGSAALKAAVDKAVASGVVVVAAAGNEGTSGSSSTVGYPGKYPSVIAVGAVDSSNQRASFSSVGPELDVMAPGVSIQSTLPGNEYGAYNGTSMASPHVAGAAALILSKHPNWTNTQVRSSLENTTTKLGDSFYYGKGLINVQAAAQ,-0.1064722445105167,K213E,-2.142254365298583
100,wild-type,1.0,378,,25,sAAPF-pNA,Subtilisin BPN',Subtilisin BPN? variants: increased hydrolytic activity on surface-bound sub- strates via decreased surface activity,https://pubs.acs.org/doi/abs/10.1021/bi951990h,AQSVPYGVSQIKAPALHSQGYTGSNVKVAVIDSGIDSSHPDLKVAGGASMVPSETNPFQDNNSHGTHVAGTVAALNNSIGVLGVAPSASLYAVKVLGADGSGQYSWIINGIEWAIANNMDVINMSLGGPSGSAALKAAVDKAVASGVVVVAAAGNEGTSGSSSTVGYPGKYPSVIAVGAVDSSNQRASFSSVGPELDVMAPGVSIQSTLPGNKYGAYNGTSMASPHVAGAAALILSKHPNWTNTQVRSSLENTTTKLGDSFYYGKGLINVQAAAQ,0.0,,0.0
101,K213V,1.079,408.0,,25,sAAPF-pNA,Subtilisin BPN',Subtilisin BPN? variants: increased hydrolytic activity on surface-bound sub- strates via decreased surface activity,https://pubs.acs.org/doi/abs/10.1021/bi951990h,AQSVPYGVSQIKAPALHSQGYTGSNVKVAVIDSGIDSSHPDLKVAGGASMVPSETNPFQDNNSHGTHVAGTVAALNNSIGVLGVAPSASLYAVKVLGADGSGQYSWIINGIEWAIANNMDVINMSLGGPSGSAALKAAVDKAVASGVVVVAAAGNEGTSGSSSTVGYPGKYPSVIAVGAVDSSNQRASFSSVGPELDVMAPGVSIQSTLPGNVYGAYNGTSMASPHVAGAAALILSKHPNWTNTQVRSSLENTTTKLGDSFYYGKGLINVQAAAQ,0.0760346862759975,K213V,-12.027410006620512
102,V203K,0.918,347,,25,sAAPF-pNA,Subtilisin BPN',Subtilisin BPN? variants: increased hydrolytic activity on surface-bound sub- strates via decreased surface activity,https://pubs.acs.org/doi/abs/10.1021/bi951990h,AQSVPYGVSQIKAPALHSQGYTGSNVKVAVIDSGIDSSHPDLKVAGGASMVPSETNPFQDNNSHGTHVAGTVAALNNSIGVLGVAPSASLYAVKVLGADGSGQYSWIINGIEWAIANNMDVINMSLGGPSGSAALKAAVDKAVASGVVVVAAAGNEGTSGSSSTVGYPGKYPSVIAVGAVDSSNQRASFSSVGPELDVMAPGKSIQSTLPGNKYGAYNGTSMASPHVAGAAALILSKHPNWTNTQVRSSLENTTTKLGDSFYYGKGLINVQAAAQ,-0.0855578883616465,V203K,-16.846681820825157
103,Q206K,1.278,483,,25,sAAPF-pNA,Subtilisin BPN',Subtilisin BPN? variants: increased hydrolytic activity on surface-bound sub- strates via decreased surface activity,https://pubs.acs.org/doi/abs/10.1021/bi951990h,AQSVPYGVSQIKAPALHSQGYTGSNVKVAVIDSGIDSSHPDLKVAGGASMVPSETNPFQDNNSHGTHVAGTVAALNNSIGVLGVAPSASLYAVKVLGADGSGQYSWIINGIEWAIANNMDVINMSLGGPSGSAALKAAVDKAVASGVVVVAAAGNEGTSGSSSTVGYPGKYPSVIAVGAVDSSNQRASFSSVGPELDVMAPGVSIKSTLPGNKYGAYNGTSMASPHVAGAAALILSKHPNWTNTQVRSSLENTTTKLGDSFYYGKGLINVQAAAQ,0.245296355955343,Q206K,2.8758647035013163
104,K213Y,1.029,389,,25,sAAPF-pNA,Subtilisin BPN',Subtilisin BPN? variants: increased hydrolytic activity on surface-bound sub- strates via decreased surface activity,https://pubs.acs.org/doi/abs/10.1021/bi951990h,AQSVPYGVSQIKAPALHSQGYTGSNVKVAVIDSGIDSSHPDLKVAGGASMVPSETNPFQDNNSHGTHVAGTVAALNNSIGVLGVAPSASLYAVKVLGADGSGQYSWIINGIEWAIANNMDVINMSLGGPSGSAALKAAVDKAVASGVVVVAAAGNEGTSGSSSTVGYPGKYPSVIAVGAVDSSNQRASFSSVGPELDVMAPGVSIQSTLPGNYYGAYNGTSMASPHVAGAAALILSKHPNWTNTQVRSSLENTTTKLGDSFYYGKGLINVQAAAQ,0.0285874568519124,K213Y,-8.758507890242152
105,S204F/L209F ,1.336,505,,25,sAAPF-pNA,Subtilisin BPN',Subtilisin BPN? variants: increased hydrolytic activity on surface-bound sub- strates via decreased surface activity,https://pubs.acs.org/doi/abs/10.1021/bi951990h,AQSVPYGVSQIKAPALHSQGYTGSNVKVAVIDSGIDSSHPDLKVAGGASMVPSETNPFQDNNSHGTHVAGTVAALNNSIGVLGVAPSASLYAVKVLGADGSGQYSWIINGIEWAIANNMDVINMSLGGPSGSAALKAAVDKAVASGVVVVAAAGNEGTSGSSSTVGYPGKYPSVIAVGAVDSSNQRASFSSVGPELDVMAPGVFIQSTFPGNKYGAYNGTSMASPHVAGAAALILSKHPNWTNTQVRSSLENTTTKLGDSFYYGKGLINVQAAAQ,0.289680075114454,S204F/L209F,-22.90844462148253
106,wild-type,1.0,233,,25,sAAPF-pNA,Subtilisin BPN',Variants of subtilisin BPN? with altered specificity profiles,https://pubs.acs.org/doi/pdf/10.1021/bi00167a029,AQSVPYGVSQIKAPALHSQGYTGSNVKVAVIDSGIDSSHPDLKVAGGASMVPSETNPFQDNNSHGTHVAGTVAALNNSIGVLGVAPSASLYAVKVLGADGSGQYSWIINGIEWAIANNMDVINMSLGGPSGSAALKAAVDKAVASGVVVVAAAGNEGTSGSSSTVGYPGKYPSVIAVGAVDSSNQRASFSSVGPELDVMAPGVSIQSTLPGNKYGAYNGTSMASPHVAGAAALILSKHPNWTNTQVRSSLENTTTKLGDSFYYGKGLINVQAAAQ,0.0,,0.0
107,I107G,0.006,1.4,,25,sAAPF-pNA,Subtilisin BPN',Variants of subtilisin BPN? with altered specificity profiles,https://pubs.acs.org/doi/pdf/10.1021/bi00167a030,AQSVPYGVSQIKAPALHSQGYTGSNVKVAVIDSGIDSSHPDLKVAGGASMVPSETNPFQDNNSHGTHVAGTVAALNNSIGVLGVAPSASLYAVKVLGADGSGQYSWGINGIEWAIANNMDVINMSLGGPSGSAALKAAVDKAVASGVVVVAAAGNEGTSGSSSTVGYPGKYPSVIAVGAVDSSNQRASFSSVGPELDVMAPGVSIQSTLPGNKYGAYNGTSMASPHVAGAAALILSKHPNWTNTQVRSSLENTTTKLGDSFYYGKGLINVQAAAQ,-5.115995809754082,I107G,-19.146669604469796
108,L126V,0.026,6,,25,sAAPF-pNA,Subtilisin BPN',Variants of subtilisin BPN? with altered specificity profiles,https://pubs.acs.org/doi/pdf/10.1021/bi00167a031,AQSVPYGVSQIKAPALHSQGYTGSNVKVAVIDSGIDSSHPDLKVAGGASMVPSETNPFQDNNSHGTHVAGTVAALNNSIGVLGVAPSASLYAVKVLGADGSGQYSWIINGIEWAIANNMDVINMSVGGPSGSAALKAAVDKAVASGVVVVAAAGNEGTSGSSSTVGYPGKYPSVIAVGAVDSSNQRASFSSVGPELDVMAPGVSIQSTLPGNKYGAYNGTSMASPHVAGAAALILSKHPNWTNTQVRSSLENTTTKLGDSFYYGKGLINVQAAAQ,-3.649658740960655,L126V,-9.96125592779699
109,L126A,0.006,1.3,,25,sAAPF-pNA,Subtilisin BPN',Variants of subtilisin BPN? with altered specificity profiles,https://pubs.acs.org/doi/pdf/10.1021/bi00167a032,AQSVPYGVSQIKAPALHSQGYTGSNVKVAVIDSGIDSSHPDLKVAGGASMVPSETNPFQDNNSHGTHVAGTVAALNNSIGVLGVAPSASLYAVKVLGADGSGQYSWIINGIEWAIANNMDVINMSAGGPSGSAALKAAVDKAVASGVVVVAAAGNEGTSGSSSTVGYPGKYPSVIAVGAVDSSNQRASFSSVGPELDVMAPGVSIQSTLPGNKYGAYNGTSMASPHVAGAAALILSKHPNWTNTQVRSSLENTTTKLGDSFYYGKGLINVQAAAQ,-5.115995809754082,L126A,-15.770979270873761
110,L126G,0.0,0.085,,25,sAAPF-pNA,Subtilisin BPN',Variants of subtilisin BPN? with altered specificity profiles,https://pubs.acs.org/doi/pdf/10.1021/bi00167a033,AQSVPYGVSQIKAPALHSQGYTGSNVKVAVIDSGIDSSHPDLKVAGGASMVPSETNPFQDNNSHGTHVAGTVAALNNSIGVLGVAPSASLYAVKVLGADGSGQYSWIINGIEWAIANNMDVINMSGGGPSGSAALKAAVDKAVASGVVVVAAAGNEGTSGSSSTVGYPGKYPSVIAVGAVDSSNQRASFSSVGPELDVMAPGVSIQSTLPGNKYGAYNGTSMASPHVAGAAALILSKHPNWTNTQVRSSLENTTTKLGDSFYYGKGLINVQAAAQ,-10.0,L126G,-18.29083058020914
111,Y104A,0.006,1.4,,25,sAAPF-pNA,Subtilisin BPN',Variants of subtilisin BPN? with altered specificity profiles,https://pubs.acs.org/doi/pdf/10.1021/bi00167a034,AQSVPYGVSQIKAPALHSQGYTGSNVKVAVIDSGIDSSHPDLKVAGGASMVPSETNPFQDNNSHGTHVAGTVAALNNSIGVLGVAPSASLYAVKVLGADGSGQASWIINGIEWAIANNMDVINMSLGGPSGSAALKAAVDKAVASGVVVVAAAGNEGTSGSSSTVGYPGKYPSVIAVGAVDSSNQRASFSSVGPELDVMAPGVSIQSTLPGNKYGAYNGTSMASPHVAGAAALILSKHPNWTNTQVRSSLENTTTKLGDSFYYGKGLINVQAAAQ,-5.115995809754082,Y104A,-17.425316168824605
112,I107G/Y104A,0.004,1,,25,sAAPF-pNA,Subtilisin BPN',Variants of subtilisin BPN? with altered specificity profiles,https://pubs.acs.org/doi/pdf/10.1021/bi00167a035,AQSVPYGVSQIKAPALHSQGYTGSNVKVAVIDSGIDSSHPDLKVAGGASMVPSETNPFQDNNSHGTHVAGTVAALNNSIGVLGVAPSASLYAVKVLGADGSGQASWGINGIEWAIANNMDVINMSLGGPSGSAALKAAVDKAVASGVVVVAAAGNEGTSGSSSTVGYPGKYPSVIAVGAVDSSNQRASFSSVGPELDVMAPGVSIQSTLPGNKYGAYNGTSMASPHVAGAAALILSKHPNWTNTQVRSSLENTTTKLGDSFYYGKGLINVQAAAQ,-5.521460917862246,Y104A/I107G,-36.5719857732944
113,I107G/L126V,0.001,0.13,,25,sAAPF-pNA,Subtilisin BPN',Variants of subtilisin BPN? with altered specificity profiles,https://pubs.acs.org/doi/pdf/10.1021/bi00167a036,AQSVPYGVSQIKAPALHSQGYTGSNVKVAVIDSGIDSSHPDLKVAGGASMVPSETNPFQDNNSHGTHVAGTVAALNNSIGVLGVAPSASLYAVKVLGADGSGQYSWGINGIEWAIANNMDVINMSVGGPSGSAALKAAVDKAVASGVVVVAAAGNEGTSGSSSTVGYPGKYPSVIAVGAVDSSNQRASFSSVGPELDVMAPGVSIQSTLPGNKYGAYNGTSMASPHVAGAAALILSKHPNWTNTQVRSSLENTTTKLGDSFYYGKGLINVQAAAQ,-6.907755278982137,I107G/L126V,-29.107925532266787
114,I107G/L126A,0.0,0.031,,25,sAAPF-pNA,Subtilisin BPN',Variants of subtilisin BPN? with altered specificity profiles,https://pubs.acs.org/doi/pdf/10.1021/bi00167a037,AQSVPYGVSQIKAPALHSQGYTGSNVKVAVIDSGIDSSHPDLKVAGGASMVPSETNPFQDNNSHGTHVAGTVAALNNSIGVLGVAPSASLYAVKVLGADGSGQYSWGINGIEWAIANNMDVINMSAGGPSGSAALKAAVDKAVASGVVVVAAAGNEGTSGSSSTVGYPGKYPSVIAVGAVDSSNQRASFSSVGPELDVMAPGVSIQSTLPGNKYGAYNGTSMASPHVAGAAALILSKHPNWTNTQVRSSLENTTTKLGDSFYYGKGLINVQAAAQ,-10.0,I107G/L126A,-34.91764887534356
115,M222C,1.38,,,25,succinyl-L-AAPF-p-nitroanalide,Subtilisin BPN',Engineering an enzyme by site-directed mutagenesis to be resistant to chemical oxidation,https://www.sciencedirect.com/science/article/pii/S0021925818888111,AQSVPYGVSQIKAPALHSQGYTGSNVKVAVIDSGIDSSHPDLKVAGGASMVPSETNPFQDNNSHGTHVAGTVAALNNSIGVLGVAPSASLYAVKVLGADGSGQYSWIINGIEWAIANNMDVINMSLGGPSGSAALKAAVDKAVASGVVVVAAAGNEGTSGSSSTVGYPGKYPSVIAVGAVDSSNQRASFSSVGPELDVMAPGVSIQSTLPGNKYGAYNGTSCASPHVAGAAALILSKHPNWTNTQVRSSLENTTTKLGDSFYYGKGLINVQAAAQ,0.3220834991691132,M222C,-5.875775338092384
116,wild-type,1.0,,,25,succinyl-L-AAPF-p-nitroanalide,Subtilisin BPN',Engineering an enzyme by site-directed mutagenesis to be resistant to chemical oxidation,https://www.sciencedirect.com/science/article/pii/S0021925818888111,AQSVPYGVSQIKAPALHSQGYTGSNVKVAVIDSGIDSSHPDLKVAGGASMVPSETNPFQDNNSHGTHVAGTVAALNNSIGVLGVAPSASLYAVKVLGADGSGQYSWIINGIEWAIANNMDVINMSLGGPSGSAALKAAVDKAVASGVVVVAAAGNEGTSGSSSTVGYPGKYPSVIAVGAVDSSNQRASFSSVGPELDVMAPGVSIQSTLPGNKYGAYNGTSMASPHVAGAAALILSKHPNWTNTQVRSSLENTTTKLGDSFYYGKGLINVQAAAQ,0.0,,0.0
117,M222A,0.53,,,25,succinyl-L-AAPF-p-nitroanalide,Subtilisin BPN',Engineering an enzyme by site-directed mutagenesis to be resistant to chemical oxidation,https://www.sciencedirect.com/science/article/pii/S0021925818888111,AQSVPYGVSQIKAPALHSQGYTGSNVKVAVIDSGIDSSHPDLKVAGGASMVPSETNPFQDNNSHGTHVAGTVAALNNSIGVLGVAPSASLYAVKVLGADGSGQYSWIINGIEWAIANNMDVINMSLGGPSGSAALKAAVDKAVASGVVVVAAAGNEGTSGSSSTVGYPGKYPSVIAVGAVDSSNQRASFSSVGPELDVMAPGVSIQSTLPGNKYGAYNGTSAASPHVAGAAALILSKHPNWTNTQVRSSLENTTTKLGDSFYYGKGLINVQAAAQ,-0.6348782724359695,M222A,-12.069680089863668
118,M222S,0.35,,,25,succinyl-L-AAPF-p-nitroanalide,Subtilisin BPN',Engineering an enzyme by site-directed mutagenesis to be resistant to chemical oxidation,https://www.sciencedirect.com/science/article/pii/S0021925818888111,AQSVPYGVSQIKAPALHSQGYTGSNVKVAVIDSGIDSSHPDLKVAGGASMVPSETNPFQDNNSHGTHVAGTVAALNNSIGVLGVAPSASLYAVKVLGADGSGQYSWIINGIEWAIANNMDVINMSLGGPSGSAALKAAVDKAVASGVVVVAAAGNEGTSGSSSTVGYPGKYPSVIAVGAVDSSNQRASFSSVGPELDVMAPGVSIQSTLPGNKYGAYNGTSSASPHVAGAAALILSKHPNWTNTQVRSSLENTTTKLGDSFYYGKGLINVQAAAQ,-1.0498221244986778,M222S,-10.770964016988202
119,M222G,0.3,,,25,succinyl-L-AAPF-p-nitroanalide,Subtilisin BPN',Engineering an enzyme by site-directed mutagenesis to be resistant to chemical oxidation,https://www.sciencedirect.com/science/article/pii/S0021925818888111,AQSVPYGVSQIKAPALHSQGYTGSNVKVAVIDSGIDSSHPDLKVAGGASMVPSETNPFQDNNSHGTHVAGTVAALNNSIGVLGVAPSASLYAVKVLGADGSGQYSWIINGIEWAIANNMDVINMSLGGPSGSAALKAAVDKAVASGVVVVAAAGNEGTSGSSSTVGYPGKYPSVIAVGAVDSSNQRASFSSVGPELDVMAPGVSIQSTLPGNKYGAYNGTSGASPHVAGAAALILSKHPNWTNTQVRSSLENTTTKLGDSFYYGKGLINVQAAAQ,-1.203972804325936,M222G,-16.161115344676308
120,M222T,0.28,,,25,succinyl-L-AAPF-p-nitroanalide,Subtilisin BPN',Engineering an enzyme by site-directed mutagenesis to be resistant to chemical oxidation,https://www.sciencedirect.com/science/article/pii/S0021925818888111,AQSVPYGVSQIKAPALHSQGYTGSNVKVAVIDSGIDSSHPDLKVAGGASMVPSETNPFQDNNSHGTHVAGTVAALNNSIGVLGVAPSASLYAVKVLGADGSGQYSWIINGIEWAIANNMDVINMSLGGPSGSAALKAAVDKAVASGVVVVAAAGNEGTSGSSSTVGYPGKYPSVIAVGAVDSSNQRASFSSVGPELDVMAPGVSIQSTLPGNKYGAYNGTSTASPHVAGAAALILSKHPNWTNTQVRSSLENTTTKLGDSFYYGKGLINVQAAAQ,-1.272965675812887,M222T,-8.54838421187161
121,M222N,0.15,,,25,succinyl-L-AAPF-p-nitroanalide,Subtilisin BPN',Engineering an enzyme by site-directed mutagenesis to be resistant to chemical oxidation,https://www.sciencedirect.com/science/article/pii/S0021925818888111,AQSVPYGVSQIKAPALHSQGYTGSNVKVAVIDSGIDSSHPDLKVAGGASMVPSETNPFQDNNSHGTHVAGTVAALNNSIGVLGVAPSASLYAVKVLGADGSGQYSWIINGIEWAIANNMDVINMSLGGPSGSAALKAAVDKAVASGVVVVAAAGNEGTSGSSSTVGYPGKYPSVIAVGAVDSSNQRASFSSVGPELDVMAPGVSIQSTLPGNKYGAYNGTSNASPHVAGAAALILSKHPNWTNTQVRSSLENTTTKLGDSFYYGKGLINVQAAAQ,-1.8971199848858813,M222N,-7.577293828166866
122,M222P,0.13,,,25,succinyl-L-AAPF-p-nitroanalide,Subtilisin BPN',Engineering an enzyme by site-directed mutagenesis to be resistant to chemical oxidation,https://www.sciencedirect.com/science/article/pii/S0021925818888111,AQSVPYGVSQIKAPALHSQGYTGSNVKVAVIDSGIDSSHPDLKVAGGASMVPSETNPFQDNNSHGTHVAGTVAALNNSIGVLGVAPSASLYAVKVLGADGSGQYSWIINGIEWAIANNMDVINMSLGGPSGSAALKAAVDKAVASGVVVVAAAGNEGTSGSSSTVGYPGKYPSVIAVGAVDSSNQRASFSSVGPELDVMAPGVSIQSTLPGNKYGAYNGTSPASPHVAGAAALILSKHPNWTNTQVRSSLENTTTKLGDSFYYGKGLINVQAAAQ,-2.0402208285265546,M222P,-14.519128011431247
123,M222L,0.12,,,25,succinyl-L-AAPF-p-nitroanalide,Subtilisin BPN',Engineering an enzyme by site-directed mutagenesis to be resistant to chemical oxidation,https://www.sciencedirect.com/science/article/pii/S0021925818888111,AQSVPYGVSQIKAPALHSQGYTGSNVKVAVIDSGIDSSHPDLKVAGGASMVPSETNPFQDNNSHGTHVAGTVAALNNSIGVLGVAPSASLYAVKVLGADGSGQYSWIINGIEWAIANNMDVINMSLGGPSGSAALKAAVDKAVASGVVVVAAAGNEGTSGSSSTVGYPGKYPSVIAVGAVDSSNQRASFSSVGPELDVMAPGVSIQSTLPGNKYGAYNGTSLASPHVAGAAALILSKHPNWTNTQVRSSLENTTTKLGDSFYYGKGLINVQAAAQ,-2.120263536200091,M222L,-8.768459281778599
124,M222V,0.093,,,25,succinyl-L-AAPF-p-nitroanalide,Subtilisin BPN',Engineering an enzyme by site-directed mutagenesis to be resistant to chemical oxidation,https://www.sciencedirect.com/science/article/pii/S0021925818888111,AQSVPYGVSQIKAPALHSQGYTGSNVKVAVIDSGIDSSHPDLKVAGGASMVPSETNPFQDNNSHGTHVAGTVAALNNSIGVLGVAPSASLYAVKVLGADGSGQYSWIINGIEWAIANNMDVINMSLGGPSGSAALKAAVDKAVASGVVVVAAAGNEGTSGSSSTVGYPGKYPSVIAVGAVDSSNQRASFSSVGPELDVMAPGVSIQSTLPGNKYGAYNGTSVASPHVAGAAALILSKHPNWTNTQVRSSLENTTTKLGDSFYYGKGLINVQAAAQ,-2.375155785828881,M222V,-12.041572854462128
125,M222Q,0.072,,,25,succinyl-L-AAPF-p-nitroanalide,Subtilisin BPN',Engineering an enzyme by site-directed mutagenesis to be resistant to chemical oxidation,https://www.sciencedirect.com/science/article/pii/S0021925818888111,AQSVPYGVSQIKAPALHSQGYTGSNVKVAVIDSGIDSSHPDLKVAGGASMVPSETNPFQDNNSHGTHVAGTVAALNNSIGVLGVAPSASLYAVKVLGADGSGQYSWIINGIEWAIANNMDVINMSLGGPSGSAALKAAVDKAVASGVVVVAAAGNEGTSGSSSTVGYPGKYPSVIAVGAVDSSNQRASFSSVGPELDVMAPGVSIQSTLPGNKYGAYNGTSQASPHVAGAAALILSKHPNWTNTQVRSSLENTTTKLGDSFYYGKGLINVQAAAQ,-2.631089159966082,M222Q,-1.9386080804539292
126,M222F,0.049,,,25,succinyl-L-AAPF-p-nitroanalide,Subtilisin BPN',Engineering an enzyme by site-directed mutagenesis to be resistant to chemical oxidation,https://www.sciencedirect.com/science/article/pii/S0021925818888111,AQSVPYGVSQIKAPALHSQGYTGSNVKVAVIDSGIDSSHPDLKVAGGASMVPSETNPFQDNNSHGTHVAGTVAALNNSIGVLGVAPSASLYAVKVLGADGSGQYSWIINGIEWAIANNMDVINMSLGGPSGSAALKAAVDKAVASGVVVVAAAGNEGTSGSSSTVGYPGKYPSVIAVGAVDSSNQRASFSSVGPELDVMAPGVSIQSTLPGNKYGAYNGTSFASPHVAGAAALILSKHPNWTNTQVRSSLENTTTKLGDSFYYGKGLINVQAAAQ,-3.0159349808715104,M222F,-13.941517684605612
127,M222W,0.048,,,25,succinyl-L-AAPF-p-nitroanalide,Subtilisin BPN',Engineering an enzyme by site-directed mutagenesis to be resistant to chemical oxidation,https://www.sciencedirect.com/science/article/pii/S0021925818888111,AQSVPYGVSQIKAPALHSQGYTGSNVKVAVIDSGIDSSHPDLKVAGGASMVPSETNPFQDNNSHGTHVAGTVAALNNSIGVLGVAPSASLYAVKVLGADGSGQYSWIINGIEWAIANNMDVINMSLGGPSGSAALKAAVDKAVASGVVVVAAAGNEGTSGSSSTVGYPGKYPSVIAVGAVDSSNQRASFSSVGPELDVMAPGVSIQSTLPGNKYGAYNGTSWASPHVAGAAALILSKHPNWTNTQVRSSLENTTTKLGDSFYYGKGLINVQAAAQ,-3.036554268074246,M222W,-14.188410238942527
128,M222D,0.041,,,25,succinyl-L-AAPF-p-nitroanalide,Subtilisin BPN',Engineering an enzyme by site-directed mutagenesis to be resistant to chemical oxidation,https://www.sciencedirect.com/science/article/pii/S0021925818888111,AQSVPYGVSQIKAPALHSQGYTGSNVKVAVIDSGIDSSHPDLKVAGGASMVPSETNPFQDNNSHGTHVAGTVAALNNSIGVLGVAPSASLYAVKVLGADGSGQYSWIINGIEWAIANNMDVINMSLGGPSGSAALKAAVDKAVASGVVVVAAAGNEGTSGSSSTVGYPGKYPSVIAVGAVDSSNQRASFSSVGPELDVMAPGVSIQSTLPGNKYGAYNGTSDASPHVAGAAALILSKHPNWTNTQVRSSLENTTTKLGDSFYYGKGLINVQAAAQ,-3.1941832122778293,M222D,-10.638124722997336
129,M222Y,0.04,,,25,succinyl-L-AAPF-p-nitroanalide,Subtilisin BPN',Engineering an enzyme by site-directed mutagenesis to be resistant to chemical oxidation,https://www.sciencedirect.com/science/article/pii/S0021925818888111,AQSVPYGVSQIKAPALHSQGYTGSNVKVAVIDSGIDSSHPDLKVAGGASMVPSETNPFQDNNSHGTHVAGTVAALNNSIGVLGVAPSASLYAVKVLGADGSGQYSWIINGIEWAIANNMDVINMSLGGPSGSAALKAAVDKAVASGVVVVAAAGNEGTSGSSSTVGYPGKYPSVIAVGAVDSSNQRASFSSVGPELDVMAPGVSIQSTLPGNKYGAYNGTSYASPHVAGAAALILSKHPNWTNTQVRSSLENTTTKLGDSFYYGKGLINVQAAAQ,-3.218875824868201,M222Y,-15.069665891087046
130,M222H,0.04,,,25,succinyl-L-AAPF-p-nitroanalide,Subtilisin BPN',Engineering an enzyme by site-directed mutagenesis to be resistant to chemical oxidation,https://www.sciencedirect.com/science/article/pii/S0021925818888111,AQSVPYGVSQIKAPALHSQGYTGSNVKVAVIDSGIDSSHPDLKVAGGASMVPSETNPFQDNNSHGTHVAGTVAALNNSIGVLGVAPSASLYAVKVLGADGSGQYSWIINGIEWAIANNMDVINMSLGGPSGSAALKAAVDKAVASGVVVVAAAGNEGTSGSSSTVGYPGKYPSVIAVGAVDSSNQRASFSSVGPELDVMAPGVSIQSTLPGNKYGAYNGTSHASPHVAGAAALILSKHPNWTNTQVRSSLENTTTKLGDSFYYGKGLINVQAAAQ,-3.218875824868201,M222H,-13.058379771253348
131,M222E,0.036,,,25,succinyl-L-AAPF-p-nitroanalide,Subtilisin BPN',Engineering an enzyme by site-directed mutagenesis to be resistant to chemical oxidation,https://www.sciencedirect.com/science/article/pii/S0021925818888111,AQSVPYGVSQIKAPALHSQGYTGSNVKVAVIDSGIDSSHPDLKVAGGASMVPSETNPFQDNNSHGTHVAGTVAALNNSIGVLGVAPSASLYAVKVLGADGSGQYSWIINGIEWAIANNMDVINMSLGGPSGSAALKAAVDKAVASGVVVVAAAGNEGTSGSSSTVGYPGKYPSVIAVGAVDSSNQRASFSSVGPELDVMAPGVSIQSTLPGNKYGAYNGTSEASPHVAGAAALILSKHPNWTNTQVRSSLENTTTKLGDSFYYGKGLINVQAAAQ,-3.324236340526028,M222E,-2.2387672017911764
132,M222I,0.022,,,25,succinyl-L-AAPF-p-nitroanalide,Subtilisin BPN',Engineering an enzyme by site-directed mutagenesis to be resistant to chemical oxidation,https://www.sciencedirect.com/science/article/pii/S0021925818888111,AQSVPYGVSQIKAPALHSQGYTGSNVKVAVIDSGIDSSHPDLKVAGGASMVPSETNPFQDNNSHGTHVAGTVAALNNSIGVLGVAPSASLYAVKVLGADGSGQYSWIINGIEWAIANNMDVINMSLGGPSGSAALKAAVDKAVASGVVVVAAAGNEGTSGSSSTVGYPGKYPSVIAVGAVDSSNQRASFSSVGPELDVMAPGVSIQSTLPGNKYGAYNGTSIASPHVAGAAALILSKHPNWTNTQVRSSLENTTTKLGDSFYYGKGLINVQAAAQ,-3.816712825623821,M222I,-11.472349180569575
133,M222R,0.005,,,25,succinyl-L-AAPF-p-nitroanalide,Subtilisin BPN',Engineering an enzyme by site-directed mutagenesis to be resistant to chemical oxidation,https://www.sciencedirect.com/science/article/pii/S0021925818888111,AQSVPYGVSQIKAPALHSQGYTGSNVKVAVIDSGIDSSHPDLKVAGGASMVPSETNPFQDNNSHGTHVAGTVAALNNSIGVLGVAPSASLYAVKVLGADGSGQYSWIINGIEWAIANNMDVINMSLGGPSGSAALKAAVDKAVASGVVVVAAAGNEGTSGSSSTVGYPGKYPSVIAVGAVDSSNQRASFSSVGPELDVMAPGVSIQSTLPGNKYGAYNGTSRASPHVAGAAALILSKHPNWTNTQVRSSLENTTTKLGDSFYYGKGLINVQAAAQ,-5.298317366548036,M222R,-10.621611147455882
134,M222K,0.003,,,25,succinyl-L-AAPF-p-nitroanalide,Subtilisin BPN',Engineering an enzyme by site-directed mutagenesis to be resistant to chemical oxidation,https://www.sciencedirect.com/science/article/pii/S0021925818888111,AQSVPYGVSQIKAPALHSQGYTGSNVKVAVIDSGIDSSHPDLKVAGGASMVPSETNPFQDNNSHGTHVAGTVAALNNSIGVLGVAPSASLYAVKVLGADGSGQYSWIINGIEWAIANNMDVINMSLGGPSGSAALKAAVDKAVASGVVVVAAAGNEGTSGSSSTVGYPGKYPSVIAVGAVDSSNQRASFSSVGPELDVMAPGVSIQSTLPGNKYGAYNGTSKASPHVAGAAALILSKHPNWTNTQVRSSLENTTTKLGDSFYYGKGLINVQAAAQ,-5.809142990314028,M222K,-9.984145042951182
135,wild-type,1.0,360,,25,succinyl-L-AAPF-p-nitroanalide,Subtilisin BPN',Engineering an enzyme by site-directed mutagenesis to be resistant to chemical oxidation,https://www.sciencedirect.com/science/article/pii/S0021925818888111,AQSVPYGVSQIKAPALHSQGYTGSNVKVAVIDSGIDSSHPDLKVAGGASMVPSETNPFQDNNSHGTHVAGTVAALNNSIGVLGVAPSASLYAVKVLGADGSGQYSWIINGIEWAIANNMDVINMSLGGPSGSAALKAAVDKAVASGVVVVAAAGNEGTSGSSSTVGYPGKYPSVIAVGAVDSSNQRASFSSVGPELDVMAPGVSIQSTLPGNKYGAYNGTSMASPHVAGAAALILSKHPNWTNTQVRSSLENTTTKLGDSFYYGKGLINVQAAAQ,0.0,,0.0
136,M222C,0.556,200,,25,succinyl-L-AAPF-p-nitroanalide,Subtilisin BPN',Engineering an enzyme by site-directed mutagenesis to be resistant to chemical oxidation,https://www.sciencedirect.com/science/article/pii/S0021925818888111,AQSVPYGVSQIKAPALHSQGYTGSNVKVAVIDSGIDSSHPDLKVAGGASMVPSETNPFQDNNSHGTHVAGTVAALNNSIGVLGVAPSASLYAVKVLGADGSGQYSWIINGIEWAIANNMDVINMSLGGPSGSAALKAAVDKAVASGVVVVAAAGNEGTSGSSSTVGYPGKYPSVIAVGAVDSSNQRASFSSVGPELDVMAPGVSIQSTLPGNKYGAYNGTSCASPHVAGAAALILSKHPNWTNTQVRSSLENTTTKLGDSFYYGKGLINVQAAAQ,-0.5869869847315546,M222C,-5.875775338092384
137,M222S,0.111,40,,25,succinyl-L-AAPF-p-nitroanalide,Subtilisin BPN',Engineering an enzyme by site-directed mutagenesis to be resistant to chemical oxidation,https://www.sciencedirect.com/science/article/pii/S0021925818888111,AQSVPYGVSQIKAPALHSQGYTGSNVKVAVIDSGIDSSHPDLKVAGGASMVPSETNPFQDNNSHGTHVAGTVAALNNSIGVLGVAPSASLYAVKVLGADGSGQYSWIINGIEWAIANNMDVINMSLGGPSGSAALKAAVDKAVASGVVVVAAAGNEGTSGSSSTVGYPGKYPSVIAVGAVDSSNQRASFSSVGPELDVMAPGVSIQSTLPGNKYGAYNGTSSASPHVAGAAALILSKHPNWTNTQVRSSLENTTTKLGDSFYYGKGLINVQAAAQ,-2.198225077669803,M222S,-10.770964016988202
138,M222A,0.139,50,,25,succinyl-L-AAPF-p-nitroanalide,Subtilisin BPN',Engineering an enzyme by site-directed mutagenesis to be resistant to chemical oxidation,https://www.sciencedirect.com/science/article/pii/S0021925818888111,AQSVPYGVSQIKAPALHSQGYTGSNVKVAVIDSGIDSSHPDLKVAGGASMVPSETNPFQDNNSHGTHVAGTVAALNNSIGVLGVAPSASLYAVKVLGADGSGQYSWIINGIEWAIANNMDVINMSLGGPSGSAALKAAVDKAVASGVVVVAAAGNEGTSGSSSTVGYPGKYPSVIAVGAVDSSNQRASFSSVGPELDVMAPGVSIQSTLPGNKYGAYNGTSAASPHVAGAAALILSKHPNWTNTQVRSSLENTTTKLGDSFYYGKGLINVQAAAQ,-1.973281345851445,M222A,-12.069680089863668
139,M222L,0.056,20,,25,succinyl-L-AAPF-p-nitroanalide,Subtilisin BPN',Engineering an enzyme by site-directed mutagenesis to be resistant to chemical oxidation,https://www.sciencedirect.com/science/article/pii/S0021925818888111,AQSVPYGVSQIKAPALHSQGYTGSNVKVAVIDSGIDSSHPDLKVAGGASMVPSETNPFQDNNSHGTHVAGTVAALNNSIGVLGVAPSASLYAVKVLGADGSGQYSWIINGIEWAIANNMDVINMSLGGPSGSAALKAAVDKAVASGVVVVAAAGNEGTSGSSSTVGYPGKYPSVIAVGAVDSSNQRASFSSVGPELDVMAPGVSIQSTLPGNKYGAYNGTSLASPHVAGAAALILSKHPNWTNTQVRSSLENTTTKLGDSFYYGKGLINVQAAAQ,-2.882403588246988,M222L,-8.768459281778599
140,wild-type,1.0,160,,25,sAAPFpNA,Subtilisin BPN',Engineering subtilisin for peptide coupling: studies on the eÂ¡ects of counterions and site-speciÂ¢c modiÂ¢cations on the stability and speciÂ¢city of the enzyme,https://pubs.acs.org/doi/pdf/10.1021/ja00094a005,AQSVPYGVSQIKAPALHSQGYTGSNVKVAVIDSGIDSSHPDLKVAGGASMVPSETNPFQDNNSHGTHVAGTVAALNNSIGVLGVAPSASLYAVKVLGADGSGQYSWIINGIEWAIANNMDVINMSLGGPSGSAALKAAVDKAVASGVVVVAAAGNEGTSGSSSTVGYPGKYPSVIAVGAVDSSNQRASFSSVGPELDVMAPGVSIQSTLPGNKYGAYNGTSMASPHVAGAAALILSKHPNWTNTQVRSSLENTTTKLGDSFYYGKGLINVQAAAQ,0.0,,0.0
141,M50F/N76D/G169A/N218S/Q206C/Y217K,3.5,560,,25,sAAPFpNA,Subtilisin BPN',Engineering subtilisin for peptide coupling: studies on the eÂ¡ects of counterions and site-speciÂ¢c modiÂ¢cations on the stability and speciÂ¢city of the enzyme,https://pubs.acs.org/doi/pdf/10.1021/ja00094a006,AQSVPYGVSQIKAPALHSQGYTGSNVKVAVIDSGIDSSHPDLKVAGGASFVPSETNPFQDNNSHGTHVAGTVAALDNSIGVLGVAPSASLYAVKVLGADGSGQYSWIINGIEWAIANNMDVINMSLGGPSGSAALKAAVDKAVASGVVVVAAAGNEGTSGSSSTVGYPAKYPSVIAVGAVDSSNQRASFSSVGPELDVMAPGVSICSTLPGNKYGAKSGTSMASPHVAGAAALILSKHPNWTNTQVRSSLENTTTKLGDSFYYGKGLINVQAAAQ,1.252762968495368,M50F/N76D/G169A/Q206C/Y217K/N218S,-15.790100118580387
142,K43N,1.969,315,,25,sAAPFpNA,Subtilisin BPN',Engineering subtilisin for peptide coupling: studies on the eÂ¡ects of counterions and site-speciÂ¢c modiÂ¢cations on the stability and speciÂ¢city of the enzyme,https://pubs.acs.org/doi/pdf/10.1021/ja00094a007,AQSVPYGVSQIKAPALHSQGYTGSNVKVAVIDSGIDSSHPDLNVAGGASMVPSETNPFQDNNSHGTHVAGTVAALNNSIGVLGVAPSASLYAVKVLGADGSGQYSWIINGIEWAIANNMDVINMSLGGPSGSAALKAAVDKAVASGVVVVAAAGNEGTSGSSSTVGYPGKYPSVIAVGAVDSSNQRASFSSVGPELDVMAPGVSIQSTLPGNKYGAYNGTSMASPHVAGAAALILSKHPNWTNTQVRSSLENTTTKLGDSFYYGKGLINVQAAAQ,0.6775257996569886,K43N,0.7284746625553717
143,K256Y,2.938,470,,25,sAAPFpNA,Subtilisin BPN',Engineering subtilisin for peptide coupling: studies on the eÂ¡ects of counterions and site-speciÂ¢c modiÂ¢cations on the stability and speciÂ¢city of the enzyme,https://pubs.acs.org/doi/pdf/10.1021/ja00094a008,AQSVPYGVSQIKAPALHSQGYTGSNVKVAVIDSGIDSSHPDLKVAGGASMVPSETNPFQDNNSHGTHVAGTVAALNNSIGVLGVAPSASLYAVKVLGADGSGQYSWIINGIEWAIANNMDVINMSLGGPSGSAALKAAVDKAVASGVVVVAAAGNEGTSGSSSTVGYPGKYPSVIAVGAVDSSNQRASFSSVGPELDVMAPGVSIQSTLPGNKYGAYNGTSMASPHVAGAAALILSKHPNWTNTQVRSSLENTTTYLGDSFYYGKGLINVQAAAQ,1.0777290777516857,K256Y,-7.018521619294226
144,D181N,3.438,550,,25,sAAPFpNA,Subtilisin BPN',Engineering subtilisin for peptide coupling: studies on the eÂ¡ects of counterions and site-speciÂ¢c modiÂ¢cations on the stability and speciÂ¢city of the enzyme,https://pubs.acs.org/doi/pdf/10.1021/ja00094a009,AQSVPYGVSQIKAPALHSQGYTGSNVKVAVIDSGIDSSHPDLKVAGGASMVPSETNPFQDNNSHGTHVAGTVAALNNSIGVLGVAPSASLYAVKVLGADGSGQYSWIINGIEWAIANNMDVINMSLGGPSGSAALKAAVDKAVASGVVVVAAAGNEGTSGSSSTVGYPGKYPSVIAVGAVNSSNQRASFSSVGPELDVMAPGVSIQSTLPGNKYGAYNGTSMASPHVAGAAALILSKHPNWTNTQVRSSLENTTTKLGDSFYYGKGLINVQAAAQ,1.2348899069606576,D181N,-4.086845634927271
145,wild-type,1.0,4500,,25,sAAPFSBz,Subtilisin BPN',Engineering subtilisin for peptide coupling: studies on the eÂ¡ects of counterions and site-speciÂ¢c modiÂ¢cations on the stability and speciÂ¢city of the enzyme,https://pubs.acs.org/doi/pdf/10.1021/ja00094a010,AQSVPYGVSQIKAPALHSQGYTGSNVKVAVIDSGIDSSHPDLKVAGGASMVPSETNPFQDNNSHGTHVAGTVAALNNSIGVLGVAPSASLYAVKVLGADGSGQYSWIINGIEWAIANNMDVINMSLGGPSGSAALKAAVDKAVASGVVVVAAAGNEGTSGSSSTVGYPGKYPSVIAVGAVDSSNQRASFSSVGPELDVMAPGVSIQSTLPGNKYGAYNGTSMASPHVAGAAALILSKHPNWTNTQVRSSLENTTTKLGDSFYYGKGLINVQAAAQ,0.0,,0.0
146,M50F/N76D/G169A/N218S/Q206C/Y217K,0.8444444444,3800,,25,sAAPFSBz,Subtilisin BPN',Engineering subtilisin for peptide coupling: studies on the eÂ¡ects of counterions and site-speciÂ¢c modiÂ¢cations on the stability and speciÂ¢city of the enzyme,https://pubs.acs.org/doi/pdf/10.1021/ja00094a011,AQSVPYGVSQIKAPALHSQGYTGSNVKVAVIDSGIDSSHPDLKVAGGASFVPSETNPFQDNNSHGTHVAGTVAALDNSIGVLGVAPSASLYAVKVLGADGSGQYSWIINGIEWAIANNMDVINMSLGGPSGSAALKAAVDKAVASGVVVVAAAGNEGTSGSSSTVGYPAKYPSVIAVGAVDSSNQRASFSSVGPELDVMAPGVSICSTLPGNKYGAKSGTSMASPHVAGAAALILSKHPNWTNTQVRSSLENTTTKLGDSFYYGKGLINVQAAAQ,-0.1690763300965655,M50F/N76D/G169A/Q206C/Y217K/N218S,-15.790100118580387
147,K43N,0.9777777778,4400,,25,sAAPFSBz,Subtilisin BPN',Engineering subtilisin for peptide coupling: studies on the eÂ¡ects of counterions and site-speciÂ¢c modiÂ¢cations on the stability and speciÂ¢city of the enzyme,https://pubs.acs.org/doi/pdf/10.1021/ja00094a012,AQSVPYGVSQIKAPALHSQGYTGSNVKVAVIDSGIDSSHPDLNVAGGASMVPSETNPFQDNNSHGTHVAGTVAALNNSIGVLGVAPSASLYAVKVLGADGSGQYSWIINGIEWAIANNMDVINMSLGGPSGSAALKAAVDKAVASGVVVVAAAGNEGTSGSSSTVGYPGKYPSVIAVGAVDSSNQRASFSSVGPELDVMAPGVSIQSTLPGNKYGAYNGTSMASPHVAGAAALILSKHPNWTNTQVRSSLENTTTKLGDSFYYGKGLINVQAAAQ,-0.0224728558293313,K43N,0.7284746625553717
148,K256Y,1.2,5400,,25,sAAPFSBz,Subtilisin BPN',Engineering subtilisin for peptide coupling: studies on the eÂ¡ects of counterions and site-speciÂ¢c modiÂ¢cations on the stability and speciÂ¢city of the enzyme,https://pubs.acs.org/doi/pdf/10.1021/ja00094a013,AQSVPYGVSQIKAPALHSQGYTGSNVKVAVIDSGIDSSHPDLKVAGGASMVPSETNPFQDNNSHGTHVAGTVAALNNSIGVLGVAPSASLYAVKVLGADGSGQYSWIINGIEWAIANNMDVINMSLGGPSGSAALKAAVDKAVASGVVVVAAAGNEGTSGSSSTVGYPGKYPSVIAVGAVDSSNQRASFSSVGPELDVMAPGVSIQSTLPGNKYGAYNGTSMASPHVAGAAALILSKHPNWTNTQVRSSLENTTTYLGDSFYYGKGLINVQAAAQ,0.1823215567939546,K256Y,-7.018521619294226
149,D181N,0.9777777778,4400,,25,sAAPFSBz,Subtilisin BPN',Engineering subtilisin for peptide coupling: studies on the eÂ¡ects of counterions and site-speciÂ¢c modiÂ¢cations on the stability and speciÂ¢city of the enzyme,https://pubs.acs.org/doi/pdf/10.1021/ja00094a014,AQSVPYGVSQIKAPALHSQGYTGSNVKVAVIDSGIDSSHPDLKVAGGASMVPSETNPFQDNNSHGTHVAGTVAALNNSIGVLGVAPSASLYAVKVLGADGSGQYSWIINGIEWAIANNMDVINMSLGGPSGSAALKAAVDKAVASGVVVVAAAGNEGTSGSSSTVGYPGKYPSVIAVGAVNSSNQRASFSSVGPELDVMAPGVSIQSTLPGNKYGAYNGTSMASPHVAGAAALILSKHPNWTNTQVRSSLENTTTKLGDSFYYGKGLINVQAAAQ,-0.0224728558293313,D181N,-4.086845634927271
